year_month,Technical_elements,items,category,ma_6,conversion_flag
2015-01-01,INキャビンフュージョンR研究（センシング×AI）,49,in_cabin_fusion,49.0,False
2015-02-01,INキャビンフュージョンR研究（センシング×AI）,48,in_cabin_fusion,48.5,False
2015-03-01,INキャビンフュージョンR研究（センシング×AI）,52,in_cabin_fusion,49.666666666666664,False
2015-04-01,INキャビンフュージョンR研究（センシング×AI）,54,in_cabin_fusion,50.75,False
2015-05-01,INキャビンフュージョンR研究（センシング×AI）,34,in_cabin_fusion,47.4,False
2015-06-01,INキャビンフュージョンR研究（センシング×AI）,43,in_cabin_fusion,46.666666666666664,False
2015-07-01,INキャビンフュージョンR研究（センシング×AI）,43,in_cabin_fusion,45.666666666666664,False
2015-08-01,INキャビンフュージョンR研究（センシング×AI）,53,in_cabin_fusion,46.5,False
2015-09-01,INキャビンフュージョンR研究（センシング×AI）,74,in_cabin_fusion,50.166666666666664,False
2015-10-01,INキャビンフュージョンR研究（センシング×AI）,47,in_cabin_fusion,49.0,False
2015-11-01,INキャビンフュージョンR研究（センシング×AI）,45,in_cabin_fusion,50.833333333333336,True
2015-12-01,INキャビンフュージョンR研究（センシング×AI）,103,in_cabin_fusion,60.833333333333336,False
2016-01-01,INキャビンフュージョンR研究（センシング×AI）,102,in_cabin_fusion,70.66666666666667,False
2016-02-01,INキャビンフュージョンR研究（センシング×AI）,53,in_cabin_fusion,70.66666666666667,False
2016-03-01,INキャビンフュージョンR研究（センシング×AI）,63,in_cabin_fusion,68.83333333333333,False
2016-04-01,INキャビンフュージョンR研究（センシング×AI）,72,in_cabin_fusion,73.0,False
2016-05-01,INキャビンフュージョンR研究（センシング×AI）,44,in_cabin_fusion,72.83333333333333,False
2016-06-01,INキャビンフュージョンR研究（センシング×AI）,43,in_cabin_fusion,62.833333333333336,False
2016-07-01,INキャビンフュージョンR研究（センシング×AI）,35,in_cabin_fusion,51.666666666666664,False
2016-08-01,INキャビンフュージョンR研究（センシング×AI）,87,in_cabin_fusion,57.333333333333336,False
2016-09-01,INキャビンフュージョンR研究（センシング×AI）,56,in_cabin_fusion,56.166666666666664,False
2016-10-01,INキャビンフュージョンR研究（センシング×AI）,58,in_cabin_fusion,53.833333333333336,False
2016-11-01,INキャビンフュージョンR研究（センシング×AI）,73,in_cabin_fusion,58.666666666666664,False
2016-12-01,INキャビンフュージョンR研究（センシング×AI）,69,in_cabin_fusion,63.0,False
2017-01-01,INキャビンフュージョンR研究（センシング×AI）,66,in_cabin_fusion,68.16666666666667,False
2017-02-01,INキャビンフュージョンR研究（センシング×AI）,36,in_cabin_fusion,59.666666666666664,False
2017-03-01,INキャビンフュージョンR研究（センシング×AI）,74,in_cabin_fusion,62.666666666666664,False
2017-04-01,INキャビンフュージョンR研究（センシング×AI）,73,in_cabin_fusion,65.16666666666667,False
2017-05-01,INキャビンフュージョンR研究（センシング×AI）,73,in_cabin_fusion,65.16666666666667,False
2017-06-01,INキャビンフュージョンR研究（センシング×AI）,73,in_cabin_fusion,65.83333333333333,False
2017-07-01,INキャビンフュージョンR研究（センシング×AI）,66,in_cabin_fusion,65.83333333333333,False
2017-08-01,INキャビンフュージョンR研究（センシング×AI）,89,in_cabin_fusion,74.66666666666667,False
2017-09-01,INキャビンフュージョンR研究（センシング×AI）,76,in_cabin_fusion,75.0,False
2017-10-01,INキャビンフュージョンR研究（センシング×AI）,80,in_cabin_fusion,76.16666666666667,False
2017-11-01,INキャビンフュージョンR研究（センシング×AI）,98,in_cabin_fusion,80.33333333333333,False
2017-12-01,INキャビンフュージョンR研究（センシング×AI）,74,in_cabin_fusion,80.5,False
2018-01-01,INキャビンフュージョンR研究（センシング×AI）,67,in_cabin_fusion,80.66666666666667,False
2018-02-01,INキャビンフュージョンR研究（センシング×AI）,59,in_cabin_fusion,75.66666666666667,False
2018-03-01,INキャビンフュージョンR研究（センシング×AI）,60,in_cabin_fusion,73.0,False
2018-04-01,INキャビンフュージョンR研究（センシング×AI）,62,in_cabin_fusion,70.0,False
2018-05-01,INキャビンフュージョンR研究（センシング×AI）,73,in_cabin_fusion,65.83333333333333,False
2018-06-01,INキャビンフュージョンR研究（センシング×AI）,76,in_cabin_fusion,66.16666666666667,False
2018-07-01,INキャビンフュージョンR研究（センシング×AI）,91,in_cabin_fusion,70.16666666666667,False
2018-08-01,INキャビンフュージョンR研究（センシング×AI）,82,in_cabin_fusion,74.0,False
2018-09-01,INキャビンフュージョンR研究（センシング×AI）,68,in_cabin_fusion,75.33333333333333,False
2018-10-01,INキャビンフュージョンR研究（センシング×AI）,83,in_cabin_fusion,78.83333333333333,False
2018-11-01,INキャビンフュージョンR研究（センシング×AI）,92,in_cabin_fusion,82.0,False
2018-12-01,INキャビンフュージョンR研究（センシング×AI）,89,in_cabin_fusion,84.16666666666667,False
2019-01-01,INキャビンフュージョンR研究（センシング×AI）,62,in_cabin_fusion,79.33333333333333,False
2019-02-01,INキャビンフュージョンR研究（センシング×AI）,55,in_cabin_fusion,74.83333333333333,False
2019-03-01,INキャビンフュージョンR研究（センシング×AI）,93,in_cabin_fusion,79.0,False
2019-04-01,INキャビンフュージョンR研究（センシング×AI）,84,in_cabin_fusion,79.16666666666667,False
2019-05-01,INキャビンフュージョンR研究（センシング×AI）,84,in_cabin_fusion,77.83333333333333,False
2019-06-01,INキャビンフュージョンR研究（センシング×AI）,116,in_cabin_fusion,82.33333333333333,False
2019-07-01,INキャビンフュージョンR研究（センシング×AI）,109,in_cabin_fusion,90.16666666666667,False
2019-08-01,INキャビンフュージョンR研究（センシング×AI）,75,in_cabin_fusion,93.5,False
2019-09-01,INキャビンフュージョンR研究（センシング×AI）,62,in_cabin_fusion,88.33333333333333,False
2019-10-01,INキャビンフュージョンR研究（センシング×AI）,60,in_cabin_fusion,84.33333333333333,False
2019-11-01,INキャビンフュージョンR研究（センシング×AI）,70,in_cabin_fusion,82.0,False
2019-12-01,INキャビンフュージョンR研究（センシング×AI）,117,in_cabin_fusion,82.16666666666667,False
2020-01-01,INキャビンフュージョンR研究（センシング×AI）,75,in_cabin_fusion,76.5,False
2020-02-01,INキャビンフュージョンR研究（センシング×AI）,46,in_cabin_fusion,71.66666666666667,False
2020-03-01,INキャビンフュージョンR研究（センシング×AI）,88,in_cabin_fusion,76.0,False
2020-04-01,INキャビンフュージョンR研究（センシング×AI）,68,in_cabin_fusion,77.33333333333333,False
2020-05-01,INキャビンフュージョンR研究（センシング×AI）,77,in_cabin_fusion,78.5,False
2020-06-01,INキャビンフュージョンR研究（センシング×AI）,74,in_cabin_fusion,71.33333333333333,False
2020-07-01,INキャビンフュージョンR研究（センシング×AI）,78,in_cabin_fusion,71.83333333333333,False
2020-08-01,INキャビンフュージョンR研究（センシング×AI）,99,in_cabin_fusion,80.66666666666667,False
2020-09-01,INキャビンフュージョンR研究（センシング×AI）,97,in_cabin_fusion,82.16666666666667,False
2020-10-01,INキャビンフュージョンR研究（センシング×AI）,76,in_cabin_fusion,83.5,False
2020-11-01,INキャビンフュージョンR研究（センシング×AI）,101,in_cabin_fusion,87.5,False
2020-12-01,INキャビンフュージョンR研究（センシング×AI）,178,in_cabin_fusion,104.83333333333333,False
2021-01-01,INキャビンフュージョンR研究（センシング×AI）,71,in_cabin_fusion,103.66666666666667,False
2021-02-01,INキャビンフュージョンR研究（センシング×AI）,59,in_cabin_fusion,97.0,False
2021-03-01,INキャビンフュージョンR研究（センシング×AI）,139,in_cabin_fusion,104.0,False
2021-04-01,INキャビンフュージョンR研究（センシング×AI）,108,in_cabin_fusion,109.33333333333333,False
2021-05-01,INキャビンフュージョンR研究（センシング×AI）,87,in_cabin_fusion,107.0,False
2021-06-01,INキャビンフュージョンR研究（センシング×AI）,101,in_cabin_fusion,94.16666666666667,False
2021-07-01,INキャビンフュージョンR研究（センシング×AI）,82,in_cabin_fusion,96.0,False
2021-08-01,INキャビンフュージョンR研究（センシング×AI）,106,in_cabin_fusion,103.83333333333333,False
2021-09-01,INキャビンフュージョンR研究（センシング×AI）,94,in_cabin_fusion,96.33333333333333,False
2021-10-01,INキャビンフュージョンR研究（センシング×AI）,74,in_cabin_fusion,90.66666666666667,False
2021-11-01,INキャビンフュージョンR研究（センシング×AI）,97,in_cabin_fusion,92.33333333333333,False
2021-12-01,INキャビンフュージョンR研究（センシング×AI）,171,in_cabin_fusion,104.0,False
2022-01-01,INキャビンフュージョンR研究（センシング×AI）,87,in_cabin_fusion,104.83333333333333,False
2022-02-01,INキャビンフュージョンR研究（センシング×AI）,50,in_cabin_fusion,95.5,False
2022-03-01,INキャビンフュージョンR研究（センシング×AI）,77,in_cabin_fusion,92.66666666666667,False
2022-04-01,INキャビンフュージョンR研究（センシング×AI）,85,in_cabin_fusion,94.5,False
2022-05-01,INキャビンフュージョンR研究（センシング×AI）,84,in_cabin_fusion,92.33333333333333,False
2022-06-01,INキャビンフュージョンR研究（センシング×AI）,93,in_cabin_fusion,79.33333333333333,False
2022-07-01,INキャビンフュージョンR研究（センシング×AI）,59,in_cabin_fusion,74.66666666666667,False
2022-08-01,INキャビンフュージョンR研究（センシング×AI）,108,in_cabin_fusion,84.33333333333333,False
2022-09-01,INキャビンフュージョンR研究（センシング×AI）,107,in_cabin_fusion,89.33333333333333,False
2022-10-01,INキャビンフュージョンR研究（センシング×AI）,64,in_cabin_fusion,85.83333333333333,False
2022-11-01,INキャビンフュージョンR研究（センシング×AI）,96,in_cabin_fusion,87.83333333333333,False
2022-12-01,INキャビンフュージョンR研究（センシング×AI）,95,in_cabin_fusion,88.16666666666667,False
2023-01-01,INキャビンフュージョンR研究（センシング×AI）,47,in_cabin_fusion,86.16666666666667,False
2023-02-01,INキャビンフュージョンR研究（センシング×AI）,72,in_cabin_fusion,80.16666666666667,False
2023-03-01,INキャビンフュージョンR研究（センシング×AI）,89,in_cabin_fusion,77.16666666666667,False
2023-04-01,INキャビンフュージョンR研究（センシング×AI）,70,in_cabin_fusion,78.16666666666667,False
2023-05-01,INキャビンフュージョンR研究（センシング×AI）,82,in_cabin_fusion,75.83333333333333,False
2023-06-01,INキャビンフュージョンR研究（センシング×AI）,73,in_cabin_fusion,72.16666666666667,False
2023-07-01,INキャビンフュージョンR研究（センシング×AI）,61,in_cabin_fusion,74.5,False
2023-08-01,INキャビンフュージョンR研究（センシング×AI）,61,in_cabin_fusion,72.66666666666667,False
2023-09-01,INキャビンフュージョンR研究（センシング×AI）,51,in_cabin_fusion,66.33333333333333,False
2023-10-01,INキャビンフュージョンR研究（センシング×AI）,50,in_cabin_fusion,63.0,False
2023-11-01,INキャビンフュージョンR研究（センシング×AI）,64,in_cabin_fusion,60.0,False
2023-12-01,INキャビンフュージョンR研究（センシング×AI）,79,in_cabin_fusion,61.0,False
2024-01-01,INキャビンフュージョンR研究（センシング×AI）,66,in_cabin_fusion,61.833333333333336,False
2024-02-01,INキャビンフュージョンR研究（センシング×AI）,35,in_cabin_fusion,57.5,False
2024-03-01,INキャビンフュージョンR研究（センシング×AI）,52,in_cabin_fusion,57.666666666666664,False
2024-04-01,INキャビンフュージョンR研究（センシング×AI）,63,in_cabin_fusion,59.833333333333336,False
2024-05-01,INキャビンフュージョンR研究（センシング×AI）,59,in_cabin_fusion,59.0,False
2024-06-01,INキャビンフュージョンR研究（センシング×AI）,52,in_cabin_fusion,54.5,False
2024-07-01,INキャビンフュージョンR研究（センシング×AI）,57,in_cabin_fusion,53.0,False
2024-08-01,INキャビンフュージョンR研究（センシング×AI）,37,in_cabin_fusion,53.333333333333336,False
2024-09-01,INキャビンフュージョンR研究（センシング×AI）,31,in_cabin_fusion,49.833333333333336,False
2024-10-01,INキャビンフュージョンR研究（センシング×AI）,26,in_cabin_fusion,43.666666666666664,False
2024-11-01,INキャビンフュージョンR研究（センシング×AI）,16,in_cabin_fusion,36.5,False
2024-12-01,INキャビンフュージョンR研究（センシング×AI）,8,in_cabin_fusion,29.166666666666668,False
2015-01-01,UX顧客分析モデル（AI による UI/UX 最適化）,223,ux,223.0,False
2015-02-01,UX顧客分析モデル（AI による UI/UX 最適化）,178,ux,200.5,False
2015-03-01,UX顧客分析モデル（AI による UI/UX 最適化）,283,ux,228.0,False
2015-04-01,UX顧客分析モデル（AI による UI/UX 最適化）,301,ux,246.25,False
2015-05-01,UX顧客分析モデル（AI による UI/UX 最適化）,322,ux,261.4,False
2015-06-01,UX顧客分析モデル（AI による UI/UX 最適化）,424,ux,288.5,False
2015-07-01,UX顧客分析モデル（AI による UI/UX 最適化）,386,ux,315.6666666666667,False
2015-08-01,UX顧客分析モデル（AI による UI/UX 最適化）,433,ux,358.1666666666667,False
2015-09-01,UX顧客分析モデル（AI による UI/UX 最適化）,414,ux,380.0,False
2015-10-01,UX顧客分析モデル（AI による UI/UX 最適化）,338,ux,386.1666666666667,False
2015-11-01,UX顧客分析モデル（AI による UI/UX 最適化）,442,ux,406.1666666666667,False
2015-12-01,UX顧客分析モデル（AI による UI/UX 最適化）,763,ux,462.6666666666667,False
2016-01-01,UX顧客分析モデル（AI による UI/UX 最適化）,362,ux,458.6666666666667,False
2016-02-01,UX顧客分析モデル（AI による UI/UX 最適化）,219,ux,423.0,False
2016-03-01,UX顧客分析モデル（AI による UI/UX 最適化）,506,ux,438.3333333333333,False
2016-04-01,UX顧客分析モデル（AI による UI/UX 最適化）,482,ux,462.3333333333333,False
2016-05-01,UX顧客分析モデル（AI による UI/UX 最適化）,462,ux,465.6666666666667,False
2016-06-01,UX顧客分析モデル（AI による UI/UX 最適化）,520,ux,425.1666666666667,False
2016-07-01,UX顧客分析モデル（AI による UI/UX 最適化）,400,ux,431.5,False
2016-08-01,UX顧客分析モデル（AI による UI/UX 最適化）,658,ux,504.6666666666667,False
2016-09-01,UX顧客分析モデル（AI による UI/UX 最適化）,573,ux,515.8333333333334,False
2016-10-01,UX顧客分析モデル（AI による UI/UX 最適化）,470,ux,513.8333333333334,False
2016-11-01,UX顧客分析モデル（AI による UI/UX 最適化）,588,ux,534.8333333333334,False
2016-12-01,UX顧客分析モデル（AI による UI/UX 最適化）,772,ux,576.8333333333334,False
2017-01-01,UX顧客分析モデル（AI による UI/UX 最適化）,367,ux,571.3333333333334,False
2017-02-01,UX顧客分析モデル（AI による UI/UX 最適化）,235,ux,500.8333333333333,False
2017-03-01,UX顧客分析モデル（AI による UI/UX 最適化）,410,ux,473.6666666666667,False
2017-04-01,UX顧客分析モデル（AI による UI/UX 最適化）,344,ux,452.6666666666667,False
2017-05-01,UX顧客分析モデル（AI による UI/UX 最適化）,506,ux,439.0,False
2017-06-01,UX顧客分析モデル（AI による UI/UX 最適化）,659,ux,420.1666666666667,False
2017-07-01,UX顧客分析モデル（AI による UI/UX 最適化）,473,ux,437.8333333333333,False
2017-08-01,UX顧客分析モデル（AI による UI/UX 最適化）,542,ux,489.0,False
2017-09-01,UX顧客分析モデル（AI による UI/UX 最適化）,661,ux,530.8333333333334,False
2017-10-01,UX顧客分析モデル（AI による UI/UX 最適化）,476,ux,552.8333333333334,False
2017-11-01,UX顧客分析モデル（AI による UI/UX 最適化）,666,ux,579.5,False
2017-12-01,UX顧客分析モデル（AI による UI/UX 最適化）,911,ux,621.5,False
2018-01-01,UX顧客分析モデル（AI による UI/UX 最適化）,459,ux,619.1666666666666,False
2018-02-01,UX顧客分析モデル（AI による UI/UX 最適化）,326,ux,583.1666666666666,False
2018-03-01,UX顧客分析モデル（AI による UI/UX 最適化）,462,ux,550.0,False
2018-04-01,UX顧客分析モデル（AI による UI/UX 最適化）,487,ux,551.8333333333334,False
2018-05-01,UX顧客分析モデル（AI による UI/UX 最適化）,481,ux,521.0,False
2018-06-01,UX顧客分析モデル（AI による UI/UX 最適化）,540,ux,459.1666666666667,False
2018-07-01,UX顧客分析モデル（AI による UI/UX 最適化）,472,ux,461.3333333333333,False
2018-08-01,UX顧客分析モデル（AI による UI/UX 最適化）,573,ux,502.5,False
2018-09-01,UX顧客分析モデル（AI による UI/UX 最適化）,566,ux,519.8333333333334,False
2018-10-01,UX顧客分析モデル（AI による UI/UX 最適化）,394,ux,504.3333333333333,False
2018-11-01,UX顧客分析モデル（AI による UI/UX 最適化）,556,ux,516.8333333333334,False
2018-12-01,UX顧客分析モデル（AI による UI/UX 最適化）,798,ux,559.8333333333334,False
2019-01-01,UX顧客分析モデル（AI による UI/UX 最適化）,411,ux,549.6666666666666,False
2019-02-01,UX顧客分析モデル（AI による UI/UX 最適化）,258,ux,497.1666666666667,False
2019-03-01,UX顧客分析モデル（AI による UI/UX 最適化）,488,ux,484.1666666666667,False
2019-04-01,UX顧客分析モデル（AI による UI/UX 最適化）,489,ux,500.0,False
2019-05-01,UX顧客分析モデル（AI による UI/UX 最適化）,520,ux,494.0,False
2019-06-01,UX顧客分析モデル（AI による UI/UX 最適化）,486,ux,442.0,False
2019-07-01,UX顧客分析モデル（AI による UI/UX 最適化）,475,ux,452.6666666666667,False
2019-08-01,UX顧客分析モデル（AI による UI/UX 最適化）,413,ux,478.5,False
2019-09-01,UX顧客分析モデル（AI による UI/UX 最適化）,478,ux,476.8333333333333,False
2019-10-01,UX顧客分析モデル（AI による UI/UX 最適化）,368,ux,456.6666666666667,False
2019-11-01,UX顧客分析モデル（AI による UI/UX 最適化）,456,ux,446.0,False
2019-12-01,UX顧客分析モデル（AI による UI/UX 最適化）,652,ux,473.6666666666667,False
2020-01-01,UX顧客分析モデル（AI による UI/UX 最適化）,297,ux,444.0,False
2020-02-01,UX顧客分析モデル（AI による UI/UX 最適化）,269,ux,420.0,False
2020-03-01,UX顧客分析モデル（AI による UI/UX 最適化）,434,ux,412.6666666666667,False
2020-04-01,UX顧客分析モデル（AI による UI/UX 最適化）,445,ux,425.5,False
2020-05-01,UX顧客分析モデル（AI による UI/UX 最適化）,370,ux,411.1666666666667,False
2020-06-01,UX顧客分析モデル（AI による UI/UX 最適化）,473,ux,381.3333333333333,False
2020-07-01,UX顧客分析モデル（AI による UI/UX 最適化）,479,ux,411.6666666666667,False
2020-08-01,UX顧客分析モデル（AI による UI/UX 最適化）,443,ux,440.6666666666667,False
2020-09-01,UX顧客分析モデル（AI による UI/UX 最適化）,564,ux,462.3333333333333,False
2020-10-01,UX顧客分析モデル（AI による UI/UX 最適化）,458,ux,464.5,False
2020-11-01,UX顧客分析モデル（AI による UI/UX 最適化）,518,ux,489.1666666666667,False
2020-12-01,UX顧客分析モデル（AI による UI/UX 最適化）,751,ux,535.5,False
2021-01-01,UX顧客分析モデル（AI による UI/UX 最適化）,371,ux,517.5,False
2021-02-01,UX顧客分析モデル（AI による UI/UX 最適化）,283,ux,490.8333333333333,False
2021-03-01,UX顧客分析モデル（AI による UI/UX 最適化）,419,ux,466.6666666666667,False
2021-04-01,UX顧客分析モデル（AI による UI/UX 最適化）,421,ux,460.5,False
2021-05-01,UX顧客分析モデル（AI による UI/UX 最適化）,405,ux,441.6666666666667,False
2021-06-01,UX顧客分析モデル（AI による UI/UX 最適化）,534,ux,405.5,False
2021-07-01,UX顧客分析モデル（AI による UI/UX 最適化）,450,ux,418.6666666666667,False
2021-08-01,UX顧客分析モデル（AI による UI/UX 最適化）,490,ux,453.1666666666667,False
2021-09-01,UX顧客分析モデル（AI による UI/UX 最適化）,564,ux,477.3333333333333,False
2021-10-01,UX顧客分析モデル（AI による UI/UX 最適化）,303,ux,457.6666666666667,False
2021-11-01,UX顧客分析モデル（AI による UI/UX 最適化）,532,ux,478.8333333333333,False
2021-12-01,UX顧客分析モデル（AI による UI/UX 最適化）,665,ux,500.6666666666667,False
2022-01-01,UX顧客分析モデル（AI による UI/UX 最適化）,368,ux,487.0,False
2022-02-01,UX顧客分析モデル（AI による UI/UX 最適化）,261,ux,448.8333333333333,False
2022-03-01,UX顧客分析モデル（AI による UI/UX 最適化）,435,ux,427.3333333333333,False
2022-04-01,UX顧客分析モデル（AI による UI/UX 最適化）,358,ux,436.5,False
2022-05-01,UX顧客分析モデル（AI による UI/UX 最適化）,369,ux,409.3333333333333,False
2022-06-01,UX顧客分析モデル（AI による UI/UX 最適化）,439,ux,371.6666666666667,False
2022-07-01,UX顧客分析モデル（AI による UI/UX 最適化）,358,ux,370.0,False
2022-08-01,UX顧客分析モデル（AI による UI/UX 最適化）,433,ux,398.6666666666667,False
2022-09-01,UX顧客分析モデル（AI による UI/UX 最適化）,426,ux,397.1666666666667,False
2022-10-01,UX顧客分析モデル（AI による UI/UX 最適化）,278,ux,383.8333333333333,False
2022-11-01,UX顧客分析モデル（AI による UI/UX 最適化）,404,ux,389.6666666666667,False
2022-12-01,UX顧客分析モデル（AI による UI/UX 最適化）,446,ux,390.8333333333333,False
2023-01-01,UX顧客分析モデル（AI による UI/UX 最適化）,179,ux,361.0,False
2023-02-01,UX顧客分析モデル（AI による UI/UX 最適化）,241,ux,329.0,False
2023-03-01,UX顧客分析モデル（AI による UI/UX 最適化）,369,ux,319.5,False
2023-04-01,UX顧客分析モデル（AI による UI/UX 最適化）,270,ux,318.1666666666667,False
2023-05-01,UX顧客分析モデル（AI による UI/UX 最適化）,270,ux,295.8333333333333,False
2023-06-01,UX顧客分析モデル（AI による UI/UX 最適化）,358,ux,281.1666666666667,False
2023-07-01,UX顧客分析モデル（AI による UI/UX 最適化）,306,ux,302.3333333333333,False
2023-08-01,UX顧客分析モデル（AI による UI/UX 最適化）,331,ux,317.3333333333333,False
2023-09-01,UX顧客分析モデル（AI による UI/UX 最適化）,256,ux,298.5,False
2023-10-01,UX顧客分析モデル（AI による UI/UX 最適化）,257,ux,296.3333333333333,False
2023-11-01,UX顧客分析モデル（AI による UI/UX 最適化）,315,ux,303.8333333333333,False
2023-12-01,UX顧客分析モデル（AI による UI/UX 最適化）,319,ux,297.3333333333333,False
2024-01-01,UX顧客分析モデル（AI による UI/UX 最適化）,232,ux,285.0,False
2024-02-01,UX顧客分析モデル（AI による UI/UX 最適化）,175,ux,259.0,False
2024-03-01,UX顧客分析モデル（AI による UI/UX 最適化）,228,ux,254.33333333333334,False
2024-04-01,UX顧客分析モデル（AI による UI/UX 最適化）,259,ux,254.66666666666666,False
2024-05-01,UX顧客分析モデル（AI による UI/UX 最適化）,282,ux,249.16666666666666,False
2024-06-01,UX顧客分析モデル（AI による UI/UX 最適化）,303,ux,246.5,False
2024-07-01,UX顧客分析モデル（AI による UI/UX 最適化）,277,ux,254.0,False
2024-08-01,UX顧客分析モデル（AI による UI/UX 最適化）,206,ux,259.1666666666667,False
2024-09-01,UX顧客分析モデル（AI による UI/UX 最適化）,182,ux,251.5,False
2024-10-01,UX顧客分析モデル（AI による UI/UX 最適化）,89,ux,223.16666666666666,False
2024-11-01,UX顧客分析モデル（AI による UI/UX 最適化）,41,ux,183.0,False
2024-12-01,UX顧客分析モデル（AI による UI/UX 最適化）,25,ux,136.66666666666666,False
2025-01-01,UX顧客分析モデル（AI による UI/UX 最適化）,1,ux,90.66666666666667,False
2015-01-01,ペットも酔わないダイナミクス（車酔い低減制御・AR 等）,5,motion_sickness,5.0,False
2015-02-01,ペットも酔わないダイナミクス（車酔い低減制御・AR 等）,8,motion_sickness,6.5,False
2015-03-01,ペットも酔わないダイナミクス（車酔い低減制御・AR 等）,5,motion_sickness,6.0,False
2015-04-01,ペットも酔わないダイナミクス（車酔い低減制御・AR 等）,4,motion_sickness,5.5,False
2015-05-01,ペットも酔わないダイナミクス（車酔い低減制御・AR 等）,4,motion_sickness,5.2,False
2015-06-01,ペットも酔わないダイナミクス（車酔い低減制御・AR 等）,3,motion_sickness,4.833333333333333,False
2015-07-01,ペットも酔わないダイナミクス（車酔い低減制御・AR 等）,18,motion_sickness,7.0,False
2015-08-01,ペットも酔わないダイナミクス（車酔い低減制御・AR 等）,3,motion_sickness,6.166666666666667,False
2015-09-01,ペットも酔わないダイナミクス（車酔い低減制御・AR 等）,14,motion_sickness,7.666666666666667,True
2015-10-01,ペットも酔わないダイナミクス（車酔い低減制御・AR 等）,31,motion_sickness,12.166666666666666,True
2015-11-01,ペットも酔わないダイナミクス（車酔い低減制御・AR 等）,8,motion_sickness,12.833333333333334,False
2015-12-01,ペットも酔わないダイナミクス（車酔い低減制御・AR 等）,19,motion_sickness,15.5,False
2016-01-01,ペットも酔わないダイナミクス（車酔い低減制御・AR 等）,15,motion_sickness,15.0,False
2016-02-01,ペットも酔わないダイナミクス（車酔い低減制御・AR 等）,6,motion_sickness,15.5,False
2016-03-01,ペットも酔わないダイナミクス（車酔い低減制御・AR 等）,24,motion_sickness,17.166666666666668,False
2016-04-01,ペットも酔わないダイナミクス（車酔い低減制御・AR 等）,33,motion_sickness,17.5,False
2016-05-01,ペットも酔わないダイナミクス（車酔い低減制御・AR 等）,16,motion_sickness,18.833333333333332,False
2016-06-01,ペットも酔わないダイナミクス（車酔い低減制御・AR 等）,31,motion_sickness,20.833333333333332,False
2016-07-01,ペットも酔わないダイナミクス（車酔い低減制御・AR 等）,9,motion_sickness,19.833333333333332,False
2016-08-01,ペットも酔わないダイナミクス（車酔い低減制御・AR 等）,17,motion_sickness,21.666666666666668,False
2016-09-01,ペットも酔わないダイナミクス（車酔い低減制御・AR 等）,19,motion_sickness,20.833333333333332,False
2016-10-01,ペットも酔わないダイナミクス（車酔い低減制御・AR 等）,19,motion_sickness,18.5,False
2016-11-01,ペットも酔わないダイナミクス（車酔い低減制御・AR 等）,11,motion_sickness,17.666666666666668,False
2016-12-01,ペットも酔わないダイナミクス（車酔い低減制御・AR 等）,22,motion_sickness,16.166666666666668,False
2017-01-01,ペットも酔わないダイナミクス（車酔い低減制御・AR 等）,42,motion_sickness,21.666666666666668,True
2017-02-01,ペットも酔わないダイナミクス（車酔い低減制御・AR 等）,18,motion_sickness,21.833333333333332,False
2017-03-01,ペットも酔わないダイナミクス（車酔い低減制御・AR 等）,41,motion_sickness,25.5,False
2017-04-01,ペットも酔わないダイナミクス（車酔い低減制御・AR 等）,27,motion_sickness,26.833333333333332,False
2017-05-01,ペットも酔わないダイナミクス（車酔い低減制御・AR 等）,16,motion_sickness,27.666666666666668,False
2017-06-01,ペットも酔わないダイナミクス（車酔い低減制御・AR 等）,24,motion_sickness,28.0,False
2017-07-01,ペットも酔わないダイナミクス（車酔い低減制御・AR 等）,13,motion_sickness,23.166666666666668,False
2017-08-01,ペットも酔わないダイナミクス（車酔い低減制御・AR 等）,32,motion_sickness,25.5,False
2017-09-01,ペットも酔わないダイナミクス（車酔い低減制御・AR 等）,32,motion_sickness,24.0,False
2017-10-01,ペットも酔わないダイナミクス（車酔い低減制御・AR 等）,21,motion_sickness,23.0,False
2017-11-01,ペットも酔わないダイナミクス（車酔い低減制御・AR 等）,16,motion_sickness,23.0,False
2017-12-01,ペットも酔わないダイナミクス（車酔い低減制御・AR 等）,30,motion_sickness,24.0,False
2018-01-01,ペットも酔わないダイナミクス（車酔い低減制御・AR 等）,21,motion_sickness,25.333333333333332,False
2018-02-01,ペットも酔わないダイナミクス（車酔い低減制御・AR 等）,20,motion_sickness,23.333333333333332,False
2018-03-01,ペットも酔わないダイナミクス（車酔い低減制御・AR 等）,31,motion_sickness,23.166666666666668,False
2018-04-01,ペットも酔わないダイナミクス（車酔い低減制御・AR 等）,23,motion_sickness,23.5,False
2018-05-01,ペットも酔わないダイナミクス（車酔い低減制御・AR 等）,12,motion_sickness,22.833333333333332,False
2018-06-01,ペットも酔わないダイナミクス（車酔い低減制御・AR 等）,24,motion_sickness,21.833333333333332,False
2018-07-01,ペットも酔わないダイナミクス（車酔い低減制御・AR 等）,19,motion_sickness,21.5,False
2018-08-01,ペットも酔わないダイナミクス（車酔い低減制御・AR 等）,28,motion_sickness,22.833333333333332,False
2018-09-01,ペットも酔わないダイナミクス（車酔い低減制御・AR 等）,28,motion_sickness,22.333333333333332,False
2018-10-01,ペットも酔わないダイナミクス（車酔い低減制御・AR 等）,39,motion_sickness,25.0,False
2018-11-01,ペットも酔わないダイナミクス（車酔い低減制御・AR 等）,32,motion_sickness,28.333333333333332,False
2018-12-01,ペットも酔わないダイナミクス（車酔い低減制御・AR 等）,34,motion_sickness,30.0,False
2019-01-01,ペットも酔わないダイナミクス（車酔い低減制御・AR 等）,12,motion_sickness,28.833333333333332,False
2019-02-01,ペットも酔わないダイナミクス（車酔い低減制御・AR 等）,11,motion_sickness,26.0,False
2019-03-01,ペットも酔わないダイナミクス（車酔い低減制御・AR 等）,23,motion_sickness,25.166666666666668,False
2019-04-01,ペットも酔わないダイナミクス（車酔い低減制御・AR 等）,20,motion_sickness,22.0,False
2019-05-01,ペットも酔わないダイナミクス（車酔い低減制御・AR 等）,37,motion_sickness,22.833333333333332,False
2019-06-01,ペットも酔わないダイナミクス（車酔い低減制御・AR 等）,25,motion_sickness,21.333333333333332,False
2019-07-01,ペットも酔わないダイナミクス（車酔い低減制御・AR 等）,37,motion_sickness,25.5,False
2019-08-01,ペットも酔わないダイナミクス（車酔い低減制御・AR 等）,27,motion_sickness,28.166666666666668,False
2019-09-01,ペットも酔わないダイナミクス（車酔い低減制御・AR 等）,20,motion_sickness,27.666666666666668,False
2019-10-01,ペットも酔わないダイナミクス（車酔い低減制御・AR 等）,21,motion_sickness,27.833333333333332,False
2019-11-01,ペットも酔わないダイナミクス（車酔い低減制御・AR 等）,18,motion_sickness,24.666666666666668,False
2019-12-01,ペットも酔わないダイナミクス（車酔い低減制御・AR 等）,23,motion_sickness,24.333333333333332,False
2020-01-01,ペットも酔わないダイナミクス（車酔い低減制御・AR 等）,13,motion_sickness,20.333333333333332,False
2020-02-01,ペットも酔わないダイナミクス（車酔い低減制御・AR 等）,20,motion_sickness,19.166666666666668,False
2020-03-01,ペットも酔わないダイナミクス（車酔い低減制御・AR 等）,19,motion_sickness,19.0,False
2020-04-01,ペットも酔わないダイナミクス（車酔い低減制御・AR 等）,15,motion_sickness,18.0,False
2020-05-01,ペットも酔わないダイナミクス（車酔い低減制御・AR 等）,16,motion_sickness,17.666666666666668,False
2020-06-01,ペットも酔わないダイナミクス（車酔い低減制御・AR 等）,29,motion_sickness,18.666666666666668,False
2020-07-01,ペットも酔わないダイナミクス（車酔い低減制御・AR 等）,27,motion_sickness,21.0,False
2020-08-01,ペットも酔わないダイナミクス（車酔い低減制御・AR 等）,7,motion_sickness,18.833333333333332,False
2020-09-01,ペットも酔わないダイナミクス（車酔い低減制御・AR 等）,25,motion_sickness,19.833333333333332,False
2020-10-01,ペットも酔わないダイナミクス（車酔い低減制御・AR 等）,17,motion_sickness,20.166666666666668,False
2020-11-01,ペットも酔わないダイナミクス（車酔い低減制御・AR 等）,25,motion_sickness,21.666666666666668,False
2020-12-01,ペットも酔わないダイナミクス（車酔い低減制御・AR 等）,17,motion_sickness,19.666666666666668,False
2021-01-01,ペットも酔わないダイナミクス（車酔い低減制御・AR 等）,23,motion_sickness,19.0,False
2021-02-01,ペットも酔わないダイナミクス（車酔い低減制御・AR 等）,17,motion_sickness,20.666666666666668,False
2021-03-01,ペットも酔わないダイナミクス（車酔い低減制御・AR 等）,25,motion_sickness,20.666666666666668,False
2021-04-01,ペットも酔わないダイナミクス（車酔い低減制御・AR 等）,32,motion_sickness,23.166666666666668,False
2021-05-01,ペットも酔わないダイナミクス（車酔い低減制御・AR 等）,15,motion_sickness,21.5,False
2021-06-01,ペットも酔わないダイナミクス（車酔い低減制御・AR 等）,23,motion_sickness,22.5,False
2021-07-01,ペットも酔わないダイナミクス（車酔い低減制御・AR 等）,12,motion_sickness,20.666666666666668,False
2021-08-01,ペットも酔わないダイナミクス（車酔い低減制御・AR 等）,25,motion_sickness,22.0,False
2021-09-01,ペットも酔わないダイナミクス（車酔い低減制御・AR 等）,16,motion_sickness,20.5,False
2021-10-01,ペットも酔わないダイナミクス（車酔い低減制御・AR 等）,17,motion_sickness,18.0,False
2021-11-01,ペットも酔わないダイナミクス（車酔い低減制御・AR 等）,27,motion_sickness,20.0,False
2021-12-01,ペットも酔わないダイナミクス（車酔い低減制御・AR 等）,30,motion_sickness,21.166666666666668,False
2022-01-01,ペットも酔わないダイナミクス（車酔い低減制御・AR 等）,16,motion_sickness,21.833333333333332,False
2022-02-01,ペットも酔わないダイナミクス（車酔い低減制御・AR 等）,13,motion_sickness,19.833333333333332,False
2022-03-01,ペットも酔わないダイナミクス（車酔い低減制御・AR 等）,30,motion_sickness,22.166666666666668,False
2022-04-01,ペットも酔わないダイナミクス（車酔い低減制御・AR 等）,28,motion_sickness,24.0,False
2022-05-01,ペットも酔わないダイナミクス（車酔い低減制御・AR 等）,22,motion_sickness,23.166666666666668,False
2022-06-01,ペットも酔わないダイナミクス（車酔い低減制御・AR 等）,35,motion_sickness,24.0,False
2022-07-01,ペットも酔わないダイナミクス（車酔い低減制御・AR 等）,19,motion_sickness,24.5,False
2022-08-01,ペットも酔わないダイナミクス（車酔い低減制御・AR 等）,18,motion_sickness,25.333333333333332,False
2022-09-01,ペットも酔わないダイナミクス（車酔い低減制御・AR 等）,13,motion_sickness,22.5,False
2022-10-01,ペットも酔わないダイナミクス（車酔い低減制御・AR 等）,27,motion_sickness,22.333333333333332,False
2022-11-01,ペットも酔わないダイナミクス（車酔い低減制御・AR 等）,27,motion_sickness,23.166666666666668,False
2022-12-01,ペットも酔わないダイナミクス（車酔い低減制御・AR 等）,26,motion_sickness,21.666666666666668,False
2023-01-01,ペットも酔わないダイナミクス（車酔い低減制御・AR 等）,9,motion_sickness,20.0,False
2023-02-01,ペットも酔わないダイナミクス（車酔い低減制御・AR 等）,13,motion_sickness,19.166666666666668,False
2023-03-01,ペットも酔わないダイナミクス（車酔い低減制御・AR 等）,14,motion_sickness,19.333333333333332,False
2023-04-01,ペットも酔わないダイナミクス（車酔い低減制御・AR 等）,12,motion_sickness,16.833333333333332,False
2023-05-01,ペットも酔わないダイナミクス（車酔い低減制御・AR 等）,19,motion_sickness,15.5,False
2023-06-01,ペットも酔わないダイナミクス（車酔い低減制御・AR 等）,17,motion_sickness,14.0,False
2023-07-01,ペットも酔わないダイナミクス（車酔い低減制御・AR 等）,24,motion_sickness,16.5,False
2023-08-01,ペットも酔わないダイナミクス（車酔い低減制御・AR 等）,14,motion_sickness,16.666666666666668,False
2023-09-01,ペットも酔わないダイナミクス（車酔い低減制御・AR 等）,13,motion_sickness,16.5,False
2023-10-01,ペットも酔わないダイナミクス（車酔い低減制御・AR 等）,11,motion_sickness,16.333333333333332,False
2023-11-01,ペットも酔わないダイナミクス（車酔い低減制御・AR 等）,13,motion_sickness,15.333333333333334,False
2023-12-01,ペットも酔わないダイナミクス（車酔い低減制御・AR 等）,12,motion_sickness,14.5,False
2024-01-01,ペットも酔わないダイナミクス（車酔い低減制御・AR 等）,5,motion_sickness,11.333333333333334,False
2024-02-01,ペットも酔わないダイナミクス（車酔い低減制御・AR 等）,9,motion_sickness,10.5,False
2024-03-01,ペットも酔わないダイナミクス（車酔い低減制御・AR 等）,15,motion_sickness,10.833333333333334,False
2024-04-01,ペットも酔わないダイナミクス（車酔い低減制御・AR 等）,12,motion_sickness,11.0,False
2024-05-01,ペットも酔わないダイナミクス（車酔い低減制御・AR 等）,7,motion_sickness,10.0,False
2024-06-01,ペットも酔わないダイナミクス（車酔い低減制御・AR 等）,8,motion_sickness,9.333333333333334,False
2024-07-01,ペットも酔わないダイナミクス（車酔い低減制御・AR 等）,11,motion_sickness,10.333333333333334,False
2024-08-01,ペットも酔わないダイナミクス（車酔い低減制御・AR 等）,10,motion_sickness,10.5,False
2024-09-01,ペットも酔わないダイナミクス（車酔い低減制御・AR 等）,5,motion_sickness,8.833333333333334,False
2024-10-01,ペットも酔わないダイナミクス（車酔い低減制御・AR 等）,5,motion_sickness,7.666666666666667,False
2024-11-01,ペットも酔わないダイナミクス（車酔い低減制御・AR 等）,2,motion_sickness,6.833333333333333,False
2024-12-01,ペットも酔わないダイナミクス（車酔い低減制御・AR 等）,1,motion_sickness,5.666666666666667,False
2015-01-01,個超個人最適化AI（嗜好・情動に基づく能動提案 AI）,1,personalized_ai,1.0,False
2015-02-01,個超個人最適化AI（嗜好・情動に基づく能動提案 AI）,1,personalized_ai,1.0,False
2015-04-01,個超個人最適化AI（嗜好・情動に基づく能動提案 AI）,2,personalized_ai,1.3333333333333333,False
2015-05-01,個超個人最適化AI（嗜好・情動に基づく能動提案 AI）,3,personalized_ai,1.75,False
2015-06-01,個超個人最適化AI（嗜好・情動に基づく能動提案 AI）,1,personalized_ai,1.6,False
2015-07-01,個超個人最適化AI（嗜好・情動に基づく能動提案 AI）,1,personalized_ai,1.5,False
2015-08-01,個超個人最適化AI（嗜好・情動に基づく能動提案 AI）,1,personalized_ai,1.5,False
2015-09-01,個超個人最適化AI（嗜好・情動に基づく能動提案 AI）,1,personalized_ai,1.5,False
2015-10-01,個超個人最適化AI（嗜好・情動に基づく能動提案 AI）,3,personalized_ai,1.6666666666666667,True
2015-11-01,個超個人最適化AI（嗜好・情動に基づく能動提案 AI）,6,personalized_ai,2.1666666666666665,True
2015-12-01,個超個人最適化AI（嗜好・情動に基づく能動提案 AI）,12,personalized_ai,4.0,True
2016-01-01,個超個人最適化AI（嗜好・情動に基づく能動提案 AI）,11,personalized_ai,5.666666666666667,True
2016-02-01,個超個人最適化AI（嗜好・情動に基づく能動提案 AI）,2,personalized_ai,5.833333333333333,False
2016-03-01,個超個人最適化AI（嗜好・情動に基づく能動提案 AI）,4,personalized_ai,6.333333333333333,False
2016-04-01,個超個人最適化AI（嗜好・情動に基づく能動提案 AI）,10,personalized_ai,7.5,False
2016-05-01,個超個人最適化AI（嗜好・情動に基づく能動提案 AI）,5,personalized_ai,7.333333333333333,False
2016-06-01,個超個人最適化AI（嗜好・情動に基づく能動提案 AI）,6,personalized_ai,6.333333333333333,False
2016-07-01,個超個人最適化AI（嗜好・情動に基づく能動提案 AI）,5,personalized_ai,5.333333333333333,False
2016-08-01,個超個人最適化AI（嗜好・情動に基づく能動提案 AI）,3,personalized_ai,5.5,False
2016-09-01,個超個人最適化AI（嗜好・情動に基づく能動提案 AI）,15,personalized_ai,7.333333333333333,False
2016-10-01,個超個人最適化AI（嗜好・情動に基づく能動提案 AI）,5,personalized_ai,6.5,False
2016-11-01,個超個人最適化AI（嗜好・情動に基づく能動提案 AI）,6,personalized_ai,6.666666666666667,False
2016-12-01,個超個人最適化AI（嗜好・情動に基づく能動提案 AI）,11,personalized_ai,7.5,False
2017-01-01,個超個人最適化AI（嗜好・情動に基づく能動提案 AI）,6,personalized_ai,7.666666666666667,False
2017-02-01,個超個人最適化AI（嗜好・情動に基づく能動提案 AI）,5,personalized_ai,8.0,False
2017-03-01,個超個人最適化AI（嗜好・情動に基づく能動提案 AI）,12,personalized_ai,7.5,False
2017-04-01,個超個人最適化AI（嗜好・情動に基づく能動提案 AI）,11,personalized_ai,8.5,False
2017-05-01,個超個人最適化AI（嗜好・情動に基づく能動提案 AI）,15,personalized_ai,10.0,False
2017-06-01,個超個人最適化AI（嗜好・情動に基づく能動提案 AI）,4,personalized_ai,8.833333333333334,False
2017-07-01,個超個人最適化AI（嗜好・情動に基づく能動提案 AI）,19,personalized_ai,11.0,False
2017-08-01,個超個人最適化AI（嗜好・情動に基づく能動提案 AI）,13,personalized_ai,12.333333333333334,False
2017-09-01,個超個人最適化AI（嗜好・情動に基づく能動提案 AI）,11,personalized_ai,12.166666666666666,False
2017-10-01,個超個人最適化AI（嗜好・情動に基づく能動提案 AI）,10,personalized_ai,12.0,False
2017-11-01,個超個人最適化AI（嗜好・情動に基づく能動提案 AI）,9,personalized_ai,11.0,False
2017-12-01,個超個人最適化AI（嗜好・情動に基づく能動提案 AI）,21,personalized_ai,13.833333333333334,False
2018-01-01,個超個人最適化AI（嗜好・情動に基づく能動提案 AI）,13,personalized_ai,12.833333333333334,False
2018-02-01,個超個人最適化AI（嗜好・情動に基づく能動提案 AI）,10,personalized_ai,12.333333333333334,False
2018-03-01,個超個人最適化AI（嗜好・情動に基づく能動提案 AI）,12,personalized_ai,12.5,False
2018-04-01,個超個人最適化AI（嗜好・情動に基づく能動提案 AI）,16,personalized_ai,13.5,False
2018-05-01,個超個人最適化AI（嗜好・情動に基づく能動提案 AI）,10,personalized_ai,13.666666666666666,False
2018-06-01,個超個人最適化AI（嗜好・情動に基づく能動提案 AI）,19,personalized_ai,13.333333333333334,False
2018-07-01,個超個人最適化AI（嗜好・情動に基づく能動提案 AI）,18,personalized_ai,14.166666666666666,False
2018-08-01,個超個人最適化AI（嗜好・情動に基づく能動提案 AI）,15,personalized_ai,15.0,False
2018-09-01,個超個人最適化AI（嗜好・情動に基づく能動提案 AI）,20,personalized_ai,16.333333333333332,False
2018-10-01,個超個人最適化AI（嗜好・情動に基づく能動提案 AI）,16,personalized_ai,16.333333333333332,False
2018-11-01,個超個人最適化AI（嗜好・情動に基づく能動提案 AI）,24,personalized_ai,18.666666666666668,False
2018-12-01,個超個人最適化AI（嗜好・情動に基づく能動提案 AI）,15,personalized_ai,18.0,False
2019-01-01,個超個人最適化AI（嗜好・情動に基づく能動提案 AI）,15,personalized_ai,17.5,False
2019-02-01,個超個人最適化AI（嗜好・情動に基づく能動提案 AI）,5,personalized_ai,15.833333333333334,False
2019-03-01,個超個人最適化AI（嗜好・情動に基づく能動提案 AI）,15,personalized_ai,15.0,False
2019-04-01,個超個人最適化AI（嗜好・情動に基づく能動提案 AI）,22,personalized_ai,16.0,False
2019-05-01,個超個人最適化AI（嗜好・情動に基づく能動提案 AI）,23,personalized_ai,15.833333333333334,False
2019-06-01,個超個人最適化AI（嗜好・情動に基づく能動提案 AI）,20,personalized_ai,16.666666666666668,False
2019-07-01,個超個人最適化AI（嗜好・情動に基づく能動提案 AI）,14,personalized_ai,16.5,False
2019-08-01,個超個人最適化AI（嗜好・情動に基づく能動提案 AI）,24,personalized_ai,19.666666666666668,False
2019-09-01,個超個人最適化AI（嗜好・情動に基づく能動提案 AI）,25,personalized_ai,21.333333333333332,False
2019-10-01,個超個人最適化AI（嗜好・情動に基づく能動提案 AI）,12,personalized_ai,19.666666666666668,False
2019-11-01,個超個人最適化AI（嗜好・情動に基づく能動提案 AI）,14,personalized_ai,18.166666666666668,False
2019-12-01,個超個人最適化AI（嗜好・情動に基づく能動提案 AI）,26,personalized_ai,19.166666666666668,False
2020-01-01,個超個人最適化AI（嗜好・情動に基づく能動提案 AI）,17,personalized_ai,19.666666666666668,False
2020-02-01,個超個人最適化AI（嗜好・情動に基づく能動提案 AI）,10,personalized_ai,17.333333333333332,False
2020-03-01,個超個人最適化AI（嗜好・情動に基づく能動提案 AI）,20,personalized_ai,16.5,False
2020-04-01,個超個人最適化AI（嗜好・情動に基づく能動提案 AI）,23,personalized_ai,18.333333333333332,False
2020-05-01,個超個人最適化AI（嗜好・情動に基づく能動提案 AI）,21,personalized_ai,19.5,False
2020-06-01,個超個人最適化AI（嗜好・情動に基づく能動提案 AI）,26,personalized_ai,19.5,False
2020-07-01,個超個人最適化AI（嗜好・情動に基づく能動提案 AI）,25,personalized_ai,20.833333333333332,False
2020-08-01,個超個人最適化AI（嗜好・情動に基づく能動提案 AI）,27,personalized_ai,23.666666666666668,False
2020-09-01,個超個人最適化AI（嗜好・情動に基づく能動提案 AI）,30,personalized_ai,25.333333333333332,False
2020-10-01,個超個人最適化AI（嗜好・情動に基づく能動提案 AI）,21,personalized_ai,25.0,False
2020-11-01,個超個人最適化AI（嗜好・情動に基づく能動提案 AI）,30,personalized_ai,26.5,False
2020-12-01,個超個人最適化AI（嗜好・情動に基づく能動提案 AI）,64,personalized_ai,32.833333333333336,False
2021-01-01,個超個人最適化AI（嗜好・情動に基づく能動提案 AI）,27,personalized_ai,33.166666666666664,False
2021-02-01,個超個人最適化AI（嗜好・情動に基づく能動提案 AI）,17,personalized_ai,31.5,False
2021-03-01,個超個人最適化AI（嗜好・情動に基づく能動提案 AI）,44,personalized_ai,33.833333333333336,False
2021-04-01,個超個人最適化AI（嗜好・情動に基づく能動提案 AI）,37,personalized_ai,36.5,False
2021-05-01,個超個人最適化AI（嗜好・情動に基づく能動提案 AI）,30,personalized_ai,36.5,False
2021-06-01,個超個人最適化AI（嗜好・情動に基づく能動提案 AI）,29,personalized_ai,30.666666666666668,False
2021-07-01,個超個人最適化AI（嗜好・情動に基づく能動提案 AI）,37,personalized_ai,32.333333333333336,False
2021-08-01,個超個人最適化AI（嗜好・情動に基づく能動提案 AI）,41,personalized_ai,36.333333333333336,False
2021-09-01,個超個人最適化AI（嗜好・情動に基づく能動提案 AI）,27,personalized_ai,33.5,False
2021-10-01,個超個人最適化AI（嗜好・情動に基づく能動提案 AI）,26,personalized_ai,31.666666666666668,False
2021-11-01,個超個人最適化AI（嗜好・情動に基づく能動提案 AI）,42,personalized_ai,33.666666666666664,False
2021-12-01,個超個人最適化AI（嗜好・情動に基づく能動提案 AI）,57,personalized_ai,38.333333333333336,False
2022-01-01,個超個人最適化AI（嗜好・情動に基づく能動提案 AI）,28,personalized_ai,36.833333333333336,False
2022-02-01,個超個人最適化AI（嗜好・情動に基づく能動提案 AI）,18,personalized_ai,33.0,False
2022-03-01,個超個人最適化AI（嗜好・情動に基づく能動提案 AI）,36,personalized_ai,34.5,False
2022-04-01,個超個人最適化AI（嗜好・情動に基づく能動提案 AI）,35,personalized_ai,36.0,False
2022-05-01,個超個人最適化AI（嗜好・情動に基づく能動提案 AI）,25,personalized_ai,33.166666666666664,False
2022-06-01,個超個人最適化AI（嗜好・情動に基づく能動提案 AI）,26,personalized_ai,28.0,False
2022-07-01,個超個人最適化AI（嗜好・情動に基づく能動提案 AI）,33,personalized_ai,28.833333333333332,False
2022-08-01,個超個人最適化AI（嗜好・情動に基づく能動提案 AI）,32,personalized_ai,31.166666666666668,False
2022-09-01,個超個人最適化AI（嗜好・情動に基づく能動提案 AI）,23,personalized_ai,29.0,False
2022-10-01,個超個人最適化AI（嗜好・情動に基づく能動提案 AI）,24,personalized_ai,27.166666666666668,False
2022-11-01,個超個人最適化AI（嗜好・情動に基づく能動提案 AI）,31,personalized_ai,28.166666666666668,False
2022-12-01,個超個人最適化AI（嗜好・情動に基づく能動提案 AI）,26,personalized_ai,28.166666666666668,False
2023-01-01,個超個人最適化AI（嗜好・情動に基づく能動提案 AI）,10,personalized_ai,24.333333333333332,False
2023-02-01,個超個人最適化AI（嗜好・情動に基づく能動提案 AI）,19,personalized_ai,22.166666666666668,False
2023-03-01,個超個人最適化AI（嗜好・情動に基づく能動提案 AI）,45,personalized_ai,25.833333333333332,False
2023-04-01,個超個人最適化AI（嗜好・情動に基づく能動提案 AI）,32,personalized_ai,27.166666666666668,False
2023-05-01,個超個人最適化AI（嗜好・情動に基づく能動提案 AI）,43,personalized_ai,29.166666666666668,True
2023-06-01,個超個人最適化AI（嗜好・情動に基づく能動提案 AI）,59,personalized_ai,34.666666666666664,True
2023-07-01,個超個人最適化AI（嗜好・情動に基づく能動提案 AI）,40,personalized_ai,39.666666666666664,False
2023-08-01,個超個人最適化AI（嗜好・情動に基づく能動提案 AI）,38,personalized_ai,42.833333333333336,False
2023-09-01,個超個人最適化AI（嗜好・情動に基づく能動提案 AI）,26,personalized_ai,39.666666666666664,False
2023-10-01,個超個人最適化AI（嗜好・情動に基づく能動提案 AI）,37,personalized_ai,40.5,False
2023-11-01,個超個人最適化AI（嗜好・情動に基づく能動提案 AI）,43,personalized_ai,40.5,False
2023-12-01,個超個人最適化AI（嗜好・情動に基づく能動提案 AI）,51,personalized_ai,39.166666666666664,False
2024-01-01,個超個人最適化AI（嗜好・情動に基づく能動提案 AI）,44,personalized_ai,39.833333333333336,False
2024-02-01,個超個人最適化AI（嗜好・情動に基づく能動提案 AI）,24,personalized_ai,37.5,False
2024-03-01,個超個人最適化AI（嗜好・情動に基づく能動提案 AI）,37,personalized_ai,39.333333333333336,False
2024-04-01,個超個人最適化AI（嗜好・情動に基づく能動提案 AI）,63,personalized_ai,43.666666666666664,False
2024-05-01,個超個人最適化AI（嗜好・情動に基づく能動提案 AI）,67,personalized_ai,47.666666666666664,False
2024-06-01,個超個人最適化AI（嗜好・情動に基づく能動提案 AI）,74,personalized_ai,51.5,False
2024-07-01,個超個人最適化AI（嗜好・情動に基づく能動提案 AI）,78,personalized_ai,57.166666666666664,False
2024-08-01,個超個人最適化AI（嗜好・情動に基づく能動提案 AI）,55,personalized_ai,62.333333333333336,False
2024-09-01,個超個人最適化AI（嗜好・情動に基づく能動提案 AI）,40,personalized_ai,62.833333333333336,False
2024-10-01,個超個人最適化AI（嗜好・情動に基づく能動提案 AI）,23,personalized_ai,56.166666666666664,False
2024-11-01,個超個人最適化AI（嗜好・情動に基づく能動提案 AI）,14,personalized_ai,47.333333333333336,False
2024-12-01,個超個人最適化AI（嗜好・情動に基づく能動提案 AI）,14,personalized_ai,37.333333333333336,False
2015-01-01,生体計測技術（脳波・心電などバイタル取得＆健康推定）,49,biometric,49.0,False
2015-02-01,生体計測技術（脳波・心電などバイタル取得＆健康推定）,47,biometric,48.0,False
2015-03-01,生体計測技術（脳波・心電などバイタル取得＆健康推定）,75,biometric,57.0,False
2015-04-01,生体計測技術（脳波・心電などバイタル取得＆健康推定）,59,biometric,57.5,False
2015-05-01,生体計測技術（脳波・心電などバイタル取得＆健康推定）,33,biometric,52.6,False
2015-06-01,生体計測技術（脳波・心電などバイタル取得＆健康推定）,38,biometric,50.166666666666664,False
2015-07-01,生体計測技術（脳波・心電などバイタル取得＆健康推定）,35,biometric,47.833333333333336,False
2015-08-01,生体計測技術（脳波・心電などバイタル取得＆健康推定）,43,biometric,47.166666666666664,False
2015-09-01,生体計測技術（脳波・心電などバイタル取得＆健康推定）,85,biometric,48.833333333333336,False
2015-10-01,生体計測技術（脳波・心電などバイタル取得＆健康推定）,49,biometric,47.166666666666664,False
2015-11-01,生体計測技術（脳波・心電などバイタル取得＆健康推定）,50,biometric,50.0,True
2015-12-01,生体計測技術（脳波・心電などバイタル取得＆健康推定）,108,biometric,61.666666666666664,True
2016-01-01,生体計測技術（脳波・心電などバイタル取得＆健康推定）,99,biometric,72.33333333333333,False
2016-02-01,生体計測技術（脳波・心電などバイタル取得＆健康推定）,57,biometric,74.66666666666667,False
2016-03-01,生体計測技術（脳波・心電などバイタル取得＆健康推定）,80,biometric,73.83333333333333,False
2016-04-01,生体計測技術（脳波・心電などバイタル取得＆健康推定）,75,biometric,78.16666666666667,False
2016-05-01,生体計測技術（脳波・心電などバイタル取得＆健康推定）,45,biometric,77.33333333333333,False
2016-06-01,生体計測技術（脳波・心電などバイタル取得＆健康推定）,53,biometric,68.16666666666667,False
2016-07-01,生体計測技術（脳波・心電などバイタル取得＆健康推定）,41,biometric,58.5,False
2016-08-01,生体計測技術（脳波・心電などバイタル取得＆健康推定）,89,biometric,63.833333333333336,False
2016-09-01,生体計測技術（脳波・心電などバイタル取得＆健康推定）,64,biometric,61.166666666666664,False
2016-10-01,生体計測技術（脳波・心電などバイタル取得＆健康推定）,62,biometric,59.0,False
2016-11-01,生体計測技術（脳波・心電などバイタル取得＆健康推定）,73,biometric,63.666666666666664,False
2016-12-01,生体計測技術（脳波・心電などバイタル取得＆健康推定）,70,biometric,66.5,False
2017-01-01,生体計測技術（脳波・心電などバイタル取得＆健康推定）,67,biometric,70.83333333333333,False
2017-02-01,生体計測技術（脳波・心電などバイタル取得＆健康推定）,42,biometric,63.0,False
2017-03-01,生体計測技術（脳波・心電などバイタル取得＆健康推定）,67,biometric,63.5,False
2017-04-01,生体計測技術（脳波・心電などバイタル取得＆健康推定）,66,biometric,64.16666666666667,False
2017-05-01,生体計測技術（脳波・心電などバイタル取得＆健康推定）,61,biometric,62.166666666666664,False
2017-06-01,生体計測技術（脳波・心電などバイタル取得＆健康推定）,59,biometric,60.333333333333336,False
2017-07-01,生体計測技術（脳波・心電などバイタル取得＆健康推定）,59,biometric,59.0,False
2017-08-01,生体計測技術（脳波・心電などバイタル取得＆健康推定）,86,biometric,66.33333333333333,False
2017-09-01,生体計測技術（脳波・心電などバイタル取得＆健康推定）,81,biometric,68.66666666666667,False
2017-10-01,生体計測技術（脳波・心電などバイタル取得＆健康推定）,68,biometric,69.0,False
2017-11-01,生体計測技術（脳波・心電などバイタル取得＆健康推定）,89,biometric,73.66666666666667,False
2017-12-01,生体計測技術（脳波・心電などバイタル取得＆健康推定）,53,biometric,72.66666666666667,False
2018-01-01,生体計測技術（脳波・心電などバイタル取得＆健康推定）,48,biometric,70.83333333333333,False
2018-02-01,生体計測技術（脳波・心電などバイタル取得＆健康推定）,56,biometric,65.83333333333333,False
2018-03-01,生体計測技術（脳波・心電などバイタル取得＆健康推定）,57,biometric,61.833333333333336,False
2018-04-01,生体計測技術（脳波・心電などバイタル取得＆健康推定）,39,biometric,57.0,False
2018-05-01,生体計測技術（脳波・心電などバイタル取得＆健康推定）,64,biometric,52.833333333333336,False
2018-06-01,生体計測技術（脳波・心電などバイタル取得＆健康推定）,63,biometric,54.5,False
2018-07-01,生体計測技術（脳波・心電などバイタル取得＆健康推定）,79,biometric,59.666666666666664,False
2018-08-01,生体計測技術（脳波・心電などバイタル取得＆健康推定）,59,biometric,60.166666666666664,False
2018-09-01,生体計測技術（脳波・心電などバイタル取得＆健康推定）,53,biometric,59.5,False
2018-10-01,生体計測技術（脳波・心電などバイタル取得＆健康推定）,67,biometric,64.16666666666667,False
2018-11-01,生体計測技術（脳波・心電などバイタル取得＆健康推定）,78,biometric,66.5,False
2018-12-01,生体計測技術（脳波・心電などバイタル取得＆健康推定）,75,biometric,68.5,False
2019-01-01,生体計測技術（脳波・心電などバイタル取得＆健康推定）,58,biometric,65.0,False
2019-02-01,生体計測技術（脳波・心電などバイタル取得＆健康推定）,51,biometric,63.666666666666664,False
2019-03-01,生体計測技術（脳波・心電などバイタル取得＆健康推定）,89,biometric,69.66666666666667,False
2019-04-01,生体計測技術（脳波・心電などバイタル取得＆健康推定）,61,biometric,68.66666666666667,False
2019-05-01,生体計測技術（脳波・心電などバイタル取得＆健康推定）,81,biometric,69.16666666666667,False
2019-06-01,生体計測技術（脳波・心電などバイタル取得＆健康推定）,94,biometric,72.33333333333333,False
2019-07-01,生体計測技術（脳波・心電などバイタル取得＆健康推定）,96,biometric,78.66666666666667,False
2019-08-01,生体計測技術（脳波・心電などバイタル取得＆健康推定）,65,biometric,81.0,False
2019-09-01,生体計測技術（脳波・心電などバイタル取得＆健康推定）,72,biometric,78.16666666666667,False
2019-10-01,生体計測技術（脳波・心電などバイタル取得＆健康推定）,55,biometric,77.16666666666667,False
2019-11-01,生体計測技術（脳波・心電などバイタル取得＆健康推定）,64,biometric,74.33333333333333,False
2019-12-01,生体計測技術（脳波・心電などバイタル取得＆健康推定）,87,biometric,73.16666666666667,False
2020-01-01,生体計測技術（脳波・心電などバイタル取得＆健康推定）,73,biometric,69.33333333333333,False
2020-02-01,生体計測技術（脳波・心電などバイタル取得＆健康推定）,44,biometric,65.83333333333333,False
2020-03-01,生体計測技術（脳波・心電などバイタル取得＆健康推定）,68,biometric,65.16666666666667,False
2020-04-01,生体計測技術（脳波・心電などバイタル取得＆健康推定）,51,biometric,64.5,False
2020-05-01,生体計測技術（脳波・心電などバイタル取得＆健康推定）,75,biometric,66.33333333333333,False
2020-06-01,生体計測技術（脳波・心電などバイタル取得＆健康推定）,63,biometric,62.333333333333336,False
2020-07-01,生体計測技術（脳波・心電などバイタル取得＆健康推定）,73,biometric,62.333333333333336,False
2020-08-01,生体計測技術（脳波・心電などバイタル取得＆健康推定）,82,biometric,68.66666666666667,False
2020-09-01,生体計測技術（脳波・心電などバイタル取得＆健康推定）,78,biometric,70.33333333333333,False
2020-10-01,生体計測技術（脳波・心電などバイタル取得＆健康推定）,60,biometric,71.83333333333333,False
2020-11-01,生体計測技術（脳波・心電などバイタル取得＆健康推定）,80,biometric,72.66666666666667,False
2020-12-01,生体計測技術（脳波・心電などバイタル取得＆健康推定）,148,biometric,86.83333333333333,False
2021-01-01,生体計測技術（脳波・心電などバイタル取得＆健康推定）,55,biometric,83.83333333333333,False
2021-02-01,生体計測技術（脳波・心電などバイタル取得＆健康推定）,58,biometric,79.83333333333333,False
2021-03-01,生体計測技術（脳波・心電などバイタル取得＆健康推定）,115,biometric,86.0,False
2021-04-01,生体計測技術（脳波・心電などバイタル取得＆健康推定）,108,biometric,94.0,False
2021-05-01,生体計測技術（脳波・心電などバイタル取得＆健康推定）,72,biometric,92.66666666666667,False
2021-06-01,生体計測技術（脳波・心電などバイタル取得＆健康推定）,83,biometric,81.83333333333333,False
2021-07-01,生体計測技術（脳波・心電などバイタル取得＆健康推定）,75,biometric,85.16666666666667,False
2021-08-01,生体計測技術（脳波・心電などバイタル取得＆健康推定）,83,biometric,89.33333333333333,False
2021-09-01,生体計測技術（脳波・心電などバイタル取得＆健康推定）,71,biometric,82.0,False
2021-10-01,生体計測技術（脳波・心電などバイタル取得＆健康推定）,67,biometric,75.16666666666667,False
2021-11-01,生体計測技術（脳波・心電などバイタル取得＆健康推定）,73,biometric,75.33333333333333,False
2021-12-01,生体計測技術（脳波・心電などバイタル取得＆健康推定）,139,biometric,84.66666666666667,False
2022-01-01,生体計測技術（脳波・心電などバイタル取得＆健康推定）,71,biometric,84.0,False
2022-02-01,生体計測技術（脳波・心電などバイタル取得＆健康推定）,39,biometric,76.66666666666667,False
2022-03-01,生体計測技術（脳波・心電などバイタル取得＆健康推定）,72,biometric,76.83333333333333,False
2022-04-01,生体計測技術（脳波・心電などバイタル取得＆健康推定）,62,biometric,76.0,False
2022-05-01,生体計測技術（脳波・心電などバイタル取得＆健康推定）,74,biometric,76.16666666666667,False
2022-06-01,生体計測技術（脳波・心電などバイタル取得＆健康推定）,71,biometric,64.83333333333333,False
2022-07-01,生体計測技術（脳波・心電などバイタル取得＆健康推定）,50,biometric,61.333333333333336,False
2022-08-01,生体計測技術（脳波・心電などバイタル取得＆健康推定）,90,biometric,69.83333333333333,False
2022-09-01,生体計測技術（脳波・心電などバイタル取得＆健康推定）,90,biometric,72.83333333333333,False
2022-10-01,生体計測技術（脳波・心電などバイタル取得＆健康推定）,45,biometric,70.0,False
2022-11-01,生体計測技術（脳波・心電などバイタル取得＆健康推定）,70,biometric,69.33333333333333,False
2022-12-01,生体計測技術（脳波・心電などバイタル取得＆健康推定）,90,biometric,72.5,False
2023-01-01,生体計測技術（脳波・心電などバイタル取得＆健康推定）,35,biometric,70.0,False
2023-02-01,生体計測技術（脳波・心電などバイタル取得＆健康推定）,52,biometric,63.666666666666664,False
2023-03-01,生体計測技術（脳波・心電などバイタル取得＆健康推定）,66,biometric,59.666666666666664,False
2023-04-01,生体計測技術（脳波・心電などバイタル取得＆健康推定）,56,biometric,61.5,False
2023-05-01,生体計測技術（脳波・心電などバイタル取得＆健康推定）,68,biometric,61.166666666666664,False
2023-06-01,生体計測技術（脳波・心電などバイタル取得＆健康推定）,62,biometric,56.5,False
2023-07-01,生体計測技術（脳波・心電などバイタル取得＆健康推定）,53,biometric,59.5,False
2023-08-01,生体計測技術（脳波・心電などバイタル取得＆健康推定）,59,biometric,60.666666666666664,False
2023-09-01,生体計測技術（脳波・心電などバイタル取得＆健康推定）,54,biometric,58.666666666666664,False
2023-10-01,生体計測技術（脳波・心電などバイタル取得＆健康推定）,39,biometric,55.833333333333336,False
2023-11-01,生体計測技術（脳波・心電などバイタル取得＆健康推定）,62,biometric,54.833333333333336,False
2023-12-01,生体計測技術（脳波・心電などバイタル取得＆健康推定）,70,biometric,56.166666666666664,False
2024-01-01,生体計測技術（脳波・心電などバイタル取得＆健康推定）,58,biometric,57.0,False
2024-02-01,生体計測技術（脳波・心電などバイタル取得＆健康推定）,35,biometric,53.0,False
2024-03-01,生体計測技術（脳波・心電などバイタル取得＆健康推定）,50,biometric,52.333333333333336,False
2024-04-01,生体計測技術（脳波・心電などバイタル取得＆健康推定）,59,biometric,55.666666666666664,False
2024-05-01,生体計測技術（脳波・心電などバイタル取得＆健康推定）,57,biometric,54.833333333333336,False
2024-06-01,生体計測技術（脳波・心電などバイタル取得＆健康推定）,43,biometric,50.333333333333336,False
2024-07-01,生体計測技術（脳波・心電などバイタル取得＆健康推定）,62,biometric,51.0,False
2024-08-01,生体計測技術（脳波・心電などバイタル取得＆健康推定）,47,biometric,53.0,False
2024-09-01,生体計測技術（脳波・心電などバイタル取得＆健康推定）,30,biometric,49.666666666666664,False
2024-10-01,生体計測技術（脳波・心電などバイタル取得＆健康推定）,24,biometric,43.833333333333336,False
2024-11-01,生体計測技術（脳波・心電などバイタル取得＆健康推定）,19,biometric,37.5,False
2024-12-01,生体計測技術（脳波・心電などバイタル取得＆健康推定）,5,biometric,31.166666666666668,False
