year_month,Technical_elements,items,Industry,ma_6,conversion_flag
2015-03,INキャビンフュージョンR研究,1,ICT・クラウド,1.0,False
2015-05,INキャビンフュージョンR研究,1,ICT・クラウド,1.0,False
2015-06,INキャビンフュージョンR研究,1,ICT・クラウド,1.0,False
2015-08,INキャビンフュージョンR研究,1,ICT・クラウド,1.0,False
2015-12,INキャビンフュージョンR研究,1,ICT・クラウド,1.0,False
2016-01,INキャビンフュージョンR研究,1,ICT・クラウド,1.0,False
2016-02,INキャビンフュージョンR研究,1,ICT・クラウド,1.0,False
2017-03,INキャビンフュージョンR研究,1,ICT・クラウド,1.0,False
2017-12,INキャビンフュージョンR研究,1,ICT・クラウド,1.0,False
2018-06,INキャビンフュージョンR研究,4,ICT・クラウド,1.5,False
2018-07,INキャビンフュージョンR研究,1,ICT・クラウド,1.5,False
2019-06,INキャビンフュージョンR研究,1,ICT・クラウド,1.5,False
2019-08,INキャビンフュージョンR研究,1,ICT・クラウド,1.5,False
2020-01,INキャビンフュージョンR研究,1,ICT・クラウド,1.5,False
2020-10,INキャビンフュージョンR研究,1,ICT・クラウド,1.5,False
2021-12,INキャビンフュージョンR研究,2,ICT・クラウド,1.1666666666666667,False
2022-01,INキャビンフュージョンR研究,1,ICT・クラウド,1.1666666666666667,False
2022-02,INキャビンフュージョンR研究,5,ICT・クラウド,1.8333333333333333,False
2022-03,INキャビンフュージョンR研究,16,ICT・クラウド,4.333333333333333,False
2022-06,INキャビンフュージョンR研究,1,ICT・クラウド,4.333333333333333,False
2022-07,INキャビンフュージョンR研究,1,ICT・クラウド,4.333333333333333,False
2022-09,INキャビンフュージョンR研究,2,ICT・クラウド,4.333333333333333,False
2022-12,INキャビンフュージョンR研究,1,ICT・クラウド,4.333333333333333,False
2023-03,INキャビンフュージョンR研究,23,ICT・クラウド,7.333333333333333,False
2023-04,INキャビンフュージョンR研究,2,ICT・クラウド,5.0,False
2023-05,INキャビンフュージョンR研究,6,ICT・クラウド,5.833333333333333,False
2023-06,INキャビンフュージョンR研究,3,ICT・クラウド,6.166666666666667,False
2023-07,INキャビンフュージョンR研究,1,ICT・クラウド,6.0,False
2023-10,INキャビンフュージョンR研究,14,ICT・クラウド,8.166666666666666,False
2023-12,INキャビンフュージョンR研究,1,ICT・クラウド,4.5,False
2024-01,INキャビンフュージョンR研究,1,ICT・クラウド,4.333333333333333,False
2024-02,INキャビンフュージョンR研究,3,ICT・クラウド,3.8333333333333335,False
2024-03,INキャビンフュージョンR研究,4,ICT・クラウド,4.0,False
2024-04,INキャビンフュージョンR研究,1,ICT・クラウド,4.0,False
2015-01,UX顧客分析モデル,1,ICT・クラウド,1.0,False
2015-02,UX顧客分析モデル,27,ICT・クラウド,14.0,False
2015-03,UX顧客分析モデル,28,ICT・クラウド,18.666666666666668,False
2015-04,UX顧客分析モデル,3,ICT・クラウド,14.75,False
2015-05,UX顧客分析モデル,41,ICT・クラウド,20.0,False
2015-06,UX顧客分析モデル,14,ICT・クラウド,19.0,False
2015-07,UX顧客分析モデル,1,ICT・クラウド,19.0,False
2015-08,UX顧客分析モデル,23,ICT・クラウド,18.333333333333332,False
2015-09,UX顧客分析モデル,1,ICT・クラウド,13.833333333333334,False
2015-10,UX顧客分析モデル,2,ICT・クラウド,13.666666666666666,False
2015-11,UX顧客分析モデル,1,ICT・クラウド,7.0,False
2015-12,UX顧客分析モデル,6,ICT・クラウド,5.666666666666667,False
2016-01,UX顧客分析モデル,7,ICT・クラウド,6.666666666666667,True
2016-02,UX顧客分析モデル,34,ICT・クラウド,8.5,True
2016-03,UX顧客分析モデル,4,ICT・クラウド,9.0,False
2016-04,UX顧客分析モデル,6,ICT・クラウド,9.666666666666666,False
2016-06,UX顧客分析モデル,7,ICT・クラウド,10.666666666666666,False
2016-07,UX顧客分析モデル,10,ICT・クラウド,11.333333333333334,False
2016-09,UX顧客分析モデル,11,ICT・クラウド,12.0,False
2016-11,UX顧客分析モデル,21,ICT・クラウド,9.833333333333334,False
2017-02,UX顧客分析モデル,22,ICT・クラウド,12.833333333333334,False
2017-03,UX顧客分析モデル,48,ICT・クラウド,19.833333333333332,False
2017-04,UX顧客分析モデル,2,ICT・クラウド,19.0,False
2017-06,UX顧客分析モデル,16,ICT・クラウド,20.0,False
2017-07,UX顧客分析モデル,2,ICT・クラウド,18.5,False
2017-08,UX顧客分析モデル,17,ICT・クラウド,17.833333333333332,False
2017-10,UX顧客分析モデル,14,ICT・クラウド,16.5,False
2017-12,UX顧客分析モデル,20,ICT・クラウド,11.833333333333334,False
2018-01,UX顧客分析モデル,10,ICT・クラウド,13.166666666666666,False
2018-02,UX顧客分析モデル,13,ICT・クラウド,12.666666666666666,False
2018-03,UX顧客分析モデル,8,ICT・クラウド,13.666666666666666,True
2018-04,UX顧客分析モデル,18,ICT・クラウド,13.833333333333334,True
2018-06,UX顧客分析モデル,77,ICT・クラウド,24.333333333333332,False
2018-07,UX顧客分析モデル,24,ICT・クラウド,25.0,False
2018-08,UX顧客分析モデル,3,ICT・クラウド,23.833333333333332,False
2018-09,UX顧客分析モデル,2,ICT・クラウド,22.0,False
2018-10,UX顧客分析モデル,10,ICT・クラウド,22.333333333333332,False
2018-11,UX顧客分析モデル,1,ICT・クラウド,19.5,False
2018-12,UX顧客分析モデル,18,ICT・クラウド,9.666666666666666,False
2019-01,UX顧客分析モデル,5,ICT・クラウド,6.5,False
2019-02,UX顧客分析モデル,2,ICT・クラウド,6.333333333333333,False
2019-03,UX顧客分析モデル,5,ICT・クラウド,6.833333333333333,False
2019-04,UX顧客分析モデル,2,ICT・クラウド,5.5,False
2019-05,UX顧客分析モデル,2,ICT・クラウド,5.666666666666667,True
2019-06,UX顧客分析モデル,61,ICT・クラウド,12.833333333333334,True
2019-07,UX顧客分析モデル,21,ICT・クラウド,15.5,True
2019-08,UX顧客分析モデル,129,ICT・クラウド,36.666666666666664,True
2019-09,UX顧客分析モデル,14,ICT・クラウド,38.166666666666664,False
2019-10,UX顧客分析モデル,8,ICT・クラウド,39.166666666666664,False
2019-11,UX顧客分析モデル,35,ICT・クラウド,44.666666666666664,False
2019-12,UX顧客分析モデル,24,ICT・クラウド,38.5,False
2020-01,UX顧客分析モデル,33,ICT・クラウド,40.5,False
2020-02,UX顧客分析モデル,12,ICT・クラウド,21.0,False
2020-04,UX顧客分析モデル,14,ICT・クラウド,21.0,False
2020-05,UX顧客分析モデル,4,ICT・クラウド,20.333333333333332,False
2020-06,UX顧客分析モデル,2,ICT・クラウド,14.833333333333334,False
2020-08,UX顧客分析モデル,14,ICT・クラウド,13.166666666666666,False
2020-09,UX顧客分析モデル,21,ICT・クラウド,11.166666666666666,False
2020-10,UX顧客分析モデル,18,ICT・クラウド,12.166666666666666,False
2020-11,UX顧客分析モデル,3,ICT・クラウド,10.333333333333334,False
2020-12,UX顧客分析モデル,9,ICT・クラウド,11.166666666666666,False
2021-01,UX顧客分析モデル,21,ICT・クラウド,14.333333333333334,False
2021-02,UX顧客分析モデル,1,ICT・クラウド,12.166666666666666,False
2021-03,UX顧客分析モデル,2,ICT・クラウド,9.0,False
2021-04,UX顧客分析モデル,143,ICT・クラウド,29.833333333333332,True
2021-05,UX顧客分析モデル,24,ICT・クラウド,33.333333333333336,False
2021-07,UX顧客分析モデル,29,ICT・クラウド,36.666666666666664,False
2021-08,UX顧客分析モデル,16,ICT・クラウド,35.833333333333336,False
2021-09,UX顧客分析モデル,2,ICT・クラウド,36.0,False
2021-10,UX顧客分析モデル,7,ICT・クラウド,36.833333333333336,False
2021-11,UX顧客分析モデル,18,ICT・クラウド,16.0,False
2021-12,UX顧客分析モデル,90,ICT・クラウド,27.0,True
2022-01,UX顧客分析モデル,56,ICT・クラウド,31.5,True
2022-02,UX顧客分析モデル,194,ICT・クラウド,61.166666666666664,True
2022-03,UX顧客分析モデル,1288,ICT・クラウド,275.5,False
2022-04,UX顧客分析モデル,60,ICT・クラウド,284.3333333333333,False
2022-05,UX顧客分析モデル,10,ICT・クラウド,283.0,False
2022-06,UX顧客分析モデル,13,ICT・クラウド,270.1666666666667,False
2022-07,UX顧客分析モデル,247,ICT・クラウド,302.0,False
2022-08,UX顧客分析モデル,7,ICT・クラウド,270.8333333333333,False
2022-09,UX顧客分析モデル,93,ICT・クラウド,71.66666666666667,False
2022-11,UX顧客分析モデル,165,ICT・クラウド,89.16666666666667,False
2022-12,UX顧客分析モデル,156,ICT・クラウド,113.5,False
2023-01,UX顧客分析モデル,1,ICT・クラウド,111.5,False
2023-02,UX顧客分析モデル,3,ICT・クラウド,70.83333333333333,False
2023-03,UX顧客分析モデル,2026,ICT・クラウド,407.3333333333333,False
2023-04,UX顧客分析モデル,32,ICT・クラウド,397.1666666666667,False
2023-05,UX顧客分析モデル,552,ICT・クラウド,461.6666666666667,False
2023-06,UX顧客分析モデル,106,ICT・クラウド,453.3333333333333,False
2023-07,UX顧客分析モデル,108,ICT・クラウド,471.1666666666667,False
2023-08,UX顧客分析モデル,36,ICT・クラウド,476.6666666666667,False
2023-09,UX顧客分析モデル,40,ICT・クラウド,145.66666666666666,False
2023-10,UX顧客分析モデル,930,ICT・クラウド,295.3333333333333,False
2023-11,UX顧客分析モデル,5,ICT・クラウド,204.16666666666666,False
2023-12,UX顧客分析モデル,32,ICT・クラウド,191.83333333333334,False
2024-01,UX顧客分析モデル,23,ICT・クラウド,177.66666666666666,False
2024-02,UX顧客分析モデル,472,ICT・クラウド,250.33333333333334,False
2024-03,UX顧客分析モデル,240,ICT・クラウド,283.6666666666667,False
2024-04,UX顧客分析モデル,72,ICT・クラウド,140.66666666666666,False
2025-02,UX顧客分析モデル,1,ICT・クラウド,140.0,False
2015-01,ペットも酔わないダイナミクス,2,ICT・クラウド,2.0,False
2015-02,ペットも酔わないダイナミクス,68,ICT・クラウド,35.0,False
2015-03,ペットも酔わないダイナミクス,84,ICT・クラウド,51.333333333333336,False
2015-04,ペットも酔わないダイナミクス,5,ICT・クラウド,39.75,False
2015-05,ペットも酔わないダイナミクス,89,ICT・クラウド,49.6,False
2015-06,ペットも酔わないダイナミクス,37,ICT・クラウド,47.5,False
2015-07,ペットも酔わないダイナミクス,3,ICT・クラウド,47.666666666666664,False
2015-08,ペットも酔わないダイナミクス,58,ICT・クラウド,46.0,False
2015-09,ペットも酔わないダイナミクス,4,ICT・クラウド,32.666666666666664,False
2015-10,ペットも酔わないダイナミクス,7,ICT・クラウド,33.0,False
2015-11,ペットも酔わないダイナミクス,1,ICT・クラウド,18.333333333333332,False
2015-12,ペットも酔わないダイナミクス,31,ICT・クラウド,17.333333333333332,False
2016-01,ペットも酔わないダイナミクス,14,ICT・クラウド,19.166666666666668,True
2016-02,ペットも酔わないダイナミクス,85,ICT・クラウド,23.666666666666668,True
2016-03,ペットも酔わないダイナミクス,10,ICT・クラウド,24.666666666666668,False
2016-04,ペットも酔わないダイナミクス,10,ICT・クラウド,25.166666666666668,False
2016-06,ペットも酔わないダイナミクス,14,ICT・クラウド,27.333333333333332,False
2016-07,ペットも酔わないダイナミクス,20,ICT・クラウド,25.5,False
2016-08,ペットも酔わないダイナミクス,2,ICT・クラウド,23.5,False
2016-09,ペットも酔わないダイナミクス,23,ICT・クラウド,13.166666666666666,False
2016-11,ペットも酔わないダイナミクス,49,ICT・クラウド,19.666666666666668,False
2016-12,ペットも酔わないダイナミクス,2,ICT・クラウド,18.333333333333332,False
2017-02,ペットも酔わないダイナミクス,44,ICT・クラウド,23.333333333333332,True
2017-03,ペットも酔わないダイナミクス,93,ICT・クラウド,35.5,False
2017-04,ペットも酔わないダイナミクス,6,ICT・クラウド,36.166666666666664,False
2017-05,ペットも酔わないダイナミクス,1,ICT・クラウド,32.5,False
2017-06,ペットも酔わないダイナミクス,23,ICT・クラウド,28.166666666666668,False
2017-07,ペットも酔わないダイナミクス,2,ICT・クラウド,28.166666666666668,False
2017-08,ペットも酔わないダイナミクス,44,ICT・クラウド,28.166666666666668,False
2017-10,ペットも酔わないダイナミクス,19,ICT・クラウド,15.833333333333334,False
2017-12,ペットも酔わないダイナミクス,37,ICT・クラウド,21.0,True
2018-01,ペットも酔わないダイナミクス,18,ICT・クラウド,23.833333333333332,True
2018-02,ペットも酔わないダイナミクス,24,ICT・クラウド,24.0,False
2018-03,ペットも酔わないダイナミクス,28,ICT・クラウド,28.333333333333332,True
2018-04,ペットも酔わないダイナミクス,48,ICT・クラウド,29.0,True
2018-06,ペットも酔わないダイナミクス,157,ICT・クラウド,52.0,False
2018-07,ペットも酔わないダイナミクス,47,ICT・クラウド,53.666666666666664,False
2018-08,ペットも酔わないダイナミクス,9,ICT・クラウド,52.166666666666664,False
2018-09,ペットも酔わないダイナミクス,2,ICT・クラウド,48.5,False
2018-10,ペットも酔わないダイナミクス,16,ICT・クラウド,46.5,False
2018-11,ペットも酔わないダイナミクス,1,ICT・クラウド,38.666666666666664,False
2018-12,ペットも酔わないダイナミクス,38,ICT・クラウド,18.833333333333332,False
2019-01,ペットも酔わないダイナミクス,19,ICT・クラウド,14.166666666666666,False
2019-02,ペットも酔わないダイナミクス,4,ICT・クラウド,13.333333333333334,False
2019-03,ペットも酔わないダイナミクス,7,ICT・クラウド,14.166666666666666,False
2019-04,ペットも酔わないダイナミクス,9,ICT・クラウド,13.0,False
2019-05,ペットも酔わないダイナミクス,5,ICT・クラウド,13.666666666666666,True
2019-06,ペットも酔わないダイナミクス,119,ICT・クラウド,27.166666666666668,True
2019-07,ペットも酔わないダイナミクス,50,ICT・クラウド,32.333333333333336,True
2019-08,ペットも酔わないダイナミクス,280,ICT・クラウド,78.33333333333333,True
2019-09,ペットも酔わないダイナミクス,48,ICT・クラウド,85.16666666666667,False
2019-10,ペットも酔わないダイナミクス,15,ICT・クラウド,86.16666666666667,False
2019-11,ペットも酔わないダイナミクス,93,ICT・クラウド,100.83333333333333,False
2019-12,ペットも酔わないダイナミクス,70,ICT・クラウド,92.66666666666667,False
2020-01,ペットも酔わないダイナミクス,77,ICT・クラウド,97.16666666666667,False
2020-02,ペットも酔わないダイナミクス,21,ICT・クラウド,54.0,False
2020-04,ペットも酔わないダイナミクス,37,ICT・クラウド,52.166666666666664,False
2020-05,ペットも酔わないダイナミクス,7,ICT・クラウド,50.833333333333336,False
2020-06,ペットも酔わないダイナミクス,7,ICT・クラウド,36.5,False
2020-08,ペットも酔わないダイナミクス,37,ICT・クラウド,31.0,False
2020-09,ペットも酔わないダイナミクス,39,ICT・クラウド,24.666666666666668,False
2020-10,ペットも酔わないダイナミクス,30,ICT・クラウド,26.166666666666668,False
2020-11,ペットも酔わないダイナミクス,4,ICT・クラウド,20.666666666666668,False
2020-12,ペットも酔わないダイナミクス,19,ICT・クラウド,22.666666666666668,False
2021-01,ペットも酔わないダイナミクス,35,ICT・クラウド,27.333333333333332,False
2021-02,ペットも酔わないダイナミクス,3,ICT・クラウド,21.666666666666668,False
2021-03,ペットも酔わないダイナミクス,4,ICT・クラウド,15.833333333333334,False
2021-04,ペットも酔わないダイナミクス,293,ICT・クラウド,59.666666666666664,False
2021-05,ペットも酔わないダイナミクス,56,ICT・クラウド,68.33333333333333,False
2021-06,ペットも酔わないダイナミクス,2,ICT・クラウド,65.5,False
2021-07,ペットも酔わないダイナミクス,81,ICT・クラウド,73.16666666666667,False
2021-08,ペットも酔わないダイナミクス,50,ICT・クラウド,81.0,False
2021-09,ペットも酔わないダイナミクス,7,ICT・クラウド,81.5,False
2021-10,ペットも酔わないダイナミクス,12,ICT・クラウド,34.666666666666664,False
2021-11,ペットも酔わないダイナミクス,42,ICT・クラウド,32.333333333333336,False
2021-12,ペットも酔わないダイナミクス,240,ICT・クラウド,72.0,True
2022-01,ペットも酔わないダイナミクス,145,ICT・クラウド,82.66666666666667,True
2022-02,ペットも酔わないダイナミクス,433,ICT・クラウド,146.5,True
2022-03,ペットも酔わないダイナミクス,2969,ICT・クラウド,640.1666666666666,False
2022-04,ペットも酔わないダイナミクス,122,ICT・クラウド,658.5,False
2022-05,ペットも酔わないダイナミクス,22,ICT・クラウド,655.1666666666666,False
2022-06,ペットも酔わないダイナミクス,37,ICT・クラウド,621.3333333333334,False
2022-07,ペットも酔わないダイナミクス,511,ICT・クラウド,682.3333333333334,False
2022-08,ペットも酔わないダイナミクス,15,ICT・クラウド,612.6666666666666,False
2022-09,ペットも酔わないダイナミクス,218,ICT・クラウド,154.16666666666666,False
2022-11,ペットも酔わないダイナミクス,345,ICT・クラウド,191.33333333333334,False
2022-12,ペットも酔わないダイナミクス,318,ICT・クラウド,240.66666666666666,False
2023-01,ペットも酔わないダイナミクス,2,ICT・クラウド,234.83333333333334,False
2023-02,ペットも酔わないダイナミクス,5,ICT・クラウド,150.5,False
2023-03,ペットも酔わないダイナミクス,4622,ICT・クラウド,918.3333333333334,False
2023-04,ペットも酔わないダイナミクス,71,ICT・クラウド,893.8333333333334,False
2023-05,ペットも酔わないダイナミクス,1196,ICT・クラウド,1035.6666666666667,False
2023-06,ペットも酔わないダイナミクス,165,ICT・クラウド,1010.1666666666666,False
2023-07,ペットも酔わないダイナミクス,224,ICT・クラウド,1047.1666666666667,False
2023-08,ペットも酔わないダイナミクス,83,ICT・クラウド,1060.1666666666667,False
2023-09,ペットも酔わないダイナミクス,74,ICT・クラウド,302.1666666666667,False
2023-10,ペットも酔わないダイナミクス,1966,ICT・クラウド,618.0,False
2023-11,ペットも酔わないダイナミクス,14,ICT・クラウド,421.0,False
2023-12,ペットも酔わないダイナミクス,55,ICT・クラウド,402.6666666666667,False
2024-01,ペットも酔わないダイナミクス,55,ICT・クラウド,374.5,False
2024-02,ペットも酔わないダイナミクス,1077,ICT・クラウド,540.1666666666666,False
2024-03,ペットも酔わないダイナミクス,539,ICT・クラウド,617.6666666666666,False
2024-04,ペットも酔わないダイナミクス,169,ICT・クラウド,318.1666666666667,False
2025-02,ペットも酔わないダイナミクス,1,ICT・クラウド,316.0,False
2015-02,個超個人最適化AI,2,ICT・クラウド,2.0,False
2015-05,個超個人最適化AI,2,ICT・クラウド,2.0,False
2016-01,個超個人最適化AI,1,ICT・クラウド,1.6666666666666667,False
2017-03,個超個人最適化AI,1,ICT・クラウド,1.5,False
2018-01,個超個人最適化AI,1,ICT・クラウド,1.4,False
2018-06,個超個人最適化AI,2,ICT・クラウド,1.5,False
2018-10,個超個人最適化AI,1,ICT・クラウド,1.3333333333333333,False
2018-12,個超個人最適化AI,2,ICT・クラウド,1.3333333333333333,False
2019-06,個超個人最適化AI,2,ICT・クラウド,1.5,False
2019-07,個超個人最適化AI,1,ICT・クラウド,1.5,False
2019-08,個超個人最適化AI,3,ICT・クラウド,1.8333333333333333,False
2019-12,個超個人最適化AI,1,ICT・クラウド,1.6666666666666667,False
2020-01,個超個人最適化AI,1,ICT・クラウド,1.6666666666666667,False
2020-04,個超個人最適化AI,3,ICT・クラウド,1.8333333333333333,False
2020-10,個超個人最適化AI,1,ICT・クラウド,1.6666666666666667,False
2021-04,個超個人最適化AI,4,ICT・クラウド,2.1666666666666665,False
2021-07,個超個人最適化AI,1,ICT・クラウド,1.8333333333333333,False
2022-01,個超個人最適化AI,1,ICT・クラウド,1.8333333333333333,False
2022-02,個超個人最適化AI,7,ICT・クラウド,2.8333333333333335,True
2022-03,個超個人最適化AI,19,ICT・クラウド,5.5,True
2022-04,個超個人最適化AI,3,ICT・クラウド,5.833333333333333,False
2022-07,個超個人最適化AI,10,ICT・クラウド,6.833333333333333,False
2022-09,個超個人最適化AI,2,ICT・クラウド,7.0,False
2022-11,個超個人最適化AI,1,ICT・クラウド,7.0,False
2022-12,個超個人最適化AI,1,ICT・クラウド,6.0,False
2023-03,個超個人最適化AI,19,ICT・クラウド,6.0,False
2023-05,個超個人最適化AI,4,ICT・クラウド,6.166666666666667,False
2023-06,個超個人最適化AI,3,ICT・クラウド,5.0,False
2023-07,個超個人最適化AI,2,ICT・クラウド,5.0,False
2023-10,個超個人最適化AI,27,ICT・クラウド,9.333333333333334,False
2023-12,個超個人最適化AI,3,ICT・クラウド,9.666666666666666,False
2024-01,個超個人最適化AI,1,ICT・クラウド,6.666666666666667,False
2024-02,個超個人最適化AI,5,ICT・クラウド,6.833333333333333,False
2024-03,個超個人最適化AI,2,ICT・クラウド,6.666666666666667,False
2015-02,生体計測技術,3,ICT・クラウド,3.0,False
2015-03,生体計測技術,4,ICT・クラウド,3.5,False
2015-05,生体計測技術,5,ICT・クラウド,4.0,False
2015-08,生体計測技術,1,ICT・クラウド,3.25,False
2015-12,生体計測技術,1,ICT・クラウド,2.8,False
2016-01,生体計測技術,1,ICT・クラウド,2.5,False
2016-02,生体計測技術,8,ICT・クラウド,3.3333333333333335,False
2016-09,生体計測技術,4,ICT・クラウド,3.3333333333333335,False
2016-11,生体計測技術,1,ICT・クラウド,2.6666666666666665,False
2017-02,生体計測技術,3,ICT・クラウド,3.0,False
2017-03,生体計測技術,2,ICT・クラウド,3.1666666666666665,False
2017-08,生体計測技術,1,ICT・クラウド,3.1666666666666665,False
2018-01,生体計測技術,1,ICT・クラウド,2.0,False
2018-02,生体計測技術,3,ICT・クラウド,1.8333333333333333,False
2018-06,生体計測技術,8,ICT・クラウド,3.0,False
2018-07,生体計測技術,2,ICT・クラウド,2.8333333333333335,False
2018-12,生体計測技術,1,ICT・クラウド,2.6666666666666665,False
2019-03,生体計測技術,2,ICT・クラウド,2.8333333333333335,False
2019-05,生体計測技術,1,ICT・クラウド,2.8333333333333335,False
2019-06,生体計測技術,4,ICT・クラウド,3.0,False
2019-07,生体計測技術,3,ICT・クラウド,2.1666666666666665,False
2019-08,生体計測技術,6,ICT・クラウド,2.8333333333333335,False
2019-09,生体計測技術,1,ICT・クラウド,2.8333333333333335,False
2019-11,生体計測技術,2,ICT・クラウド,2.8333333333333335,False
2020-01,生体計測技術,3,ICT・クラウド,3.1666666666666665,False
2020-04,生体計測技術,1,ICT・クラウド,2.6666666666666665,False
2020-08,生体計測技術,4,ICT・クラウド,2.8333333333333335,False
2020-09,生体計測技術,1,ICT・クラウド,2.0,False
2020-10,生体計測技術,4,ICT・クラウド,2.5,False
2021-03,生体計測技術,1,ICT・クラウド,2.3333333333333335,False
2021-04,生体計測技術,12,ICT・クラウド,3.8333333333333335,False
2021-05,生体計測技術,5,ICT・クラウド,4.5,False
2021-07,生体計測技術,1,ICT・クラウド,4.0,False
2021-08,生体計測技術,5,ICT・クラウド,4.666666666666667,False
2021-11,生体計測技術,2,ICT・クラウド,4.333333333333333,False
2021-12,生体計測技術,5,ICT・クラウド,5.0,False
2022-01,生体計測技術,10,ICT・クラウド,4.666666666666667,False
2022-02,生体計測技術,19,ICT・クラウド,7.0,False
2022-03,生体計測技術,136,ICT・クラウド,29.5,False
2022-04,生体計測技術,4,ICT・クラウド,29.333333333333332,False
2022-05,生体計測技術,1,ICT・クラウド,29.166666666666668,False
2022-07,生体計測技術,26,ICT・クラウド,32.666666666666664,False
2022-08,生体計測技術,2,ICT・クラウド,31.333333333333332,False
2022-09,生体計測技術,12,ICT・クラウド,30.166666666666668,False
2022-11,生体計測技術,20,ICT・クラウド,10.833333333333334,False
2022-12,生体計測技術,8,ICT・クラウド,11.5,True
2023-03,生体計測技術,241,ICT・クラウド,51.5,True
2023-05,生体計測技術,68,ICT・クラウド,58.5,False
2023-06,生体計測技術,7,ICT・クラウド,59.333333333333336,False
2023-07,生体計測技術,5,ICT・クラウド,58.166666666666664,False
2023-08,生体計測技術,7,ICT・クラウド,56.0,False
2023-09,生体計測技術,2,ICT・クラウド,55.0,False
2023-10,生体計測技術,107,ICT・クラウド,32.666666666666664,False
2023-11,生体計測技術,5,ICT・クラウド,22.166666666666668,False
2023-12,生体計測技術,1,ICT・クラウド,21.166666666666668,False
2024-01,生体計測技術,2,ICT・クラウド,20.666666666666668,False
2024-02,生体計測技術,59,ICT・クラウド,29.333333333333332,False
2024-03,生体計測技術,23,ICT・クラウド,32.833333333333336,False
2024-04,生体計測技術,10,ICT・クラウド,16.666666666666668,False
2015-12,INキャビンフュージョンR研究,1,再生エネルギー,1.0,False
2019-07,INキャビンフュージョンR研究,1,再生エネルギー,1.0,False
2019-08,INキャビンフュージョンR研究,1,再生エネルギー,1.0,False
2020-09,INキャビンフュージョンR研究,1,再生エネルギー,1.0,False
2021-04,INキャビンフュージョンR研究,3,再生エネルギー,1.4,False
2021-07,INキャビンフュージョンR研究,1,再生エネルギー,1.3333333333333333,False
2021-08,INキャビンフュージョンR研究,1,再生エネルギー,1.3333333333333333,False
2021-12,INキャビンフュージョンR研究,1,再生エネルギー,1.3333333333333333,False
2022-01,INキャビンフュージョンR研究,2,再生エネルギー,1.5,True
2022-02,INキャビンフュージョンR研究,3,再生エネルギー,1.8333333333333333,True
2022-03,INキャビンフュージョンR研究,21,再生エネルギー,4.833333333333333,False
2022-07,INキャビンフュージョンR研究,7,再生エネルギー,5.833333333333333,False
2022-09,INキャビンフュージョンR研究,1,再生エネルギー,5.833333333333333,False
2022-11,INキャビンフュージョンR研究,2,再生エネルギー,6.0,False
2022-12,INキャビンフュージョンR研究,2,再生エネルギー,6.0,False
2023-03,INキャビンフュージョンR研究,51,再生エネルギー,14.0,False
2023-05,INキャビンフュージョンR研究,10,再生エネルギー,12.166666666666666,False
2023-07,INキャビンフュージョンR研究,4,再生エネルギー,11.666666666666666,False
2023-09,INキャビンフュージョンR研究,3,再生エネルギー,12.0,False
2023-10,INキャビンフュージョンR研究,9,再生エネルギー,13.166666666666666,False
2024-01,INキャビンフュージョンR研究,1,再生エネルギー,13.0,False
2024-02,INキャビンフュージョンR研究,18,再生エネルギー,7.5,False
2024-03,INキャビンフュージョンR研究,7,再生エネルギー,7.0,False
2024-04,INキャビンフュージョンR研究,3,再生エネルギー,6.833333333333333,False
2015-02,UX顧客分析モデル,3,再生エネルギー,3.0,False
2015-03,UX顧客分析モデル,11,再生エネルギー,7.0,False
2015-05,UX顧客分析モデル,5,再生エネルギー,6.333333333333333,False
2015-08,UX顧客分析モデル,5,再生エネルギー,6.0,False
2015-12,UX顧客分析モデル,8,再生エネルギー,6.4,False
2016-02,UX顧客分析モデル,11,再生エネルギー,7.166666666666667,False
2016-07,UX顧客分析モデル,3,再生エネルギー,7.166666666666667,False
2016-09,UX顧客分析モデル,5,再生エネルギー,6.166666666666667,False
2016-11,UX顧客分析モデル,4,再生エネルギー,6.0,False
2017-01,UX顧客分析モデル,1,再生エネルギー,5.333333333333333,False
2017-02,UX顧客分析モデル,8,再生エネルギー,5.333333333333333,False
2017-03,UX顧客分析モデル,8,再生エネルギー,4.833333333333333,False
2017-04,UX顧客分析モデル,1,再生エネルギー,4.5,False
2017-06,UX顧客分析モデル,1,再生エネルギー,3.8333333333333335,False
2017-08,UX顧客分析モデル,5,再生エネルギー,4.0,False
2017-10,UX顧客分析モデル,1,再生エネルギー,4.0,False
2017-12,UX顧客分析モデル,6,再生エネルギー,3.6666666666666665,False
2018-01,UX顧客分析モデル,1,再生エネルギー,2.5,False
2018-02,UX顧客分析モデル,2,再生エネルギー,2.6666666666666665,False
2018-03,UX顧客分析モデル,3,再生エネルギー,3.0,False
2018-04,UX顧客分析モデル,1,再生エネルギー,2.3333333333333335,False
2018-06,UX顧客分析モデル,21,再生エネルギー,5.666666666666667,False
2018-07,UX顧客分析モデル,6,再生エネルギー,5.666666666666667,False
2018-10,UX顧客分析モデル,1,再生エネルギー,5.666666666666667,False
2018-12,UX顧客分析モデル,4,再生エネルギー,6.0,False
2019-01,UX顧客分析モデル,1,再生エネルギー,5.666666666666667,False
2019-03,UX顧客分析モデル,2,再生エネルギー,5.833333333333333,False
2019-05,UX顧客分析モデル,2,再生エネルギー,2.6666666666666665,False
2019-06,UX顧客分析モデル,7,再生エネルギー,2.8333333333333335,True
2019-07,UX顧客分析モデル,8,再生エネルギー,4.0,True
2019-08,UX顧客分析モデル,55,再生エネルギー,12.5,True
2019-09,UX顧客分析モデル,4,再生エネルギー,13.0,False
2019-10,UX顧客分析モデル,3,再生エネルギー,13.166666666666666,True
2019-11,UX顧客分析モデル,14,再生エネルギー,15.166666666666666,True
2019-12,UX顧客分析モデル,21,再生エネルギー,17.5,False
2020-01,UX顧客分析モデル,16,再生エネルギー,18.833333333333332,False
2020-02,UX顧客分析モデル,4,再生エネルギー,10.333333333333334,False
2020-04,UX顧客分析モデル,2,再生エネルギー,10.0,False
2020-08,UX顧客分析モデル,4,再生エネルギー,10.166666666666666,False
2020-09,UX顧客分析モデル,5,再生エネルギー,8.666666666666666,False
2020-10,UX顧客分析モデル,5,再生エネルギー,6.0,False
2020-12,UX顧客分析モデル,1,再生エネルギー,3.5,False
2021-01,UX顧客分析モデル,4,再生エネルギー,3.5,False
2021-03,UX顧客分析モデル,1,再生エネルギー,3.3333333333333335,False
2021-04,UX顧客分析モデル,65,再生エネルギー,13.5,False
2021-05,UX顧客分析モデル,3,再生エネルギー,13.166666666666666,False
2021-06,UX顧客分析モデル,1,再生エネルギー,12.5,False
2021-07,UX顧客分析モデル,19,再生エネルギー,15.5,True
2021-08,UX顧客分析モデル,11,再生エネルギー,16.666666666666668,False
2021-11,UX顧客分析モデル,11,再生エネルギー,18.333333333333332,True
2021-12,UX顧客分析モデル,68,再生エネルギー,18.833333333333332,True
2022-01,UX顧客分析モデル,31,再生エネルギー,23.5,True
2022-02,UX顧客分析モデル,142,再生エネルギー,47.0,True
2022-03,UX顧客分析モデル,1005,再生エネルギー,211.33333333333334,False
2022-04,UX顧客分析モデル,29,再生エネルギー,214.33333333333334,False
2022-05,UX顧客分析モデル,2,再生エネルギー,212.83333333333334,False
2022-07,UX顧客分析モデル,164,再生エネルギー,228.83333333333334,False
2022-09,UX顧客分析モデル,85,再生エネルギー,237.83333333333334,False
2022-10,UX顧客分析モデル,1,再生エネルギー,214.33333333333334,False
2022-11,UX顧客分析モデル,125,再生エネルギー,67.66666666666667,False
2022-12,UX顧客分析モデル,106,再生エネルギー,80.5,False
2023-02,UX顧客分析モデル,1,再生エネルギー,80.33333333333333,False
2023-03,UX顧客分析モデル,2055,再生エネルギー,395.5,False
2023-04,UX顧客分析モデル,13,再生エネルギー,383.5,False
2023-05,UX顧客分析モデル,469,再生エネルギー,461.5,False
2023-06,UX顧客分析モデル,29,再生エネルギー,445.5,False
2023-07,UX顧客分析モデル,75,再生エネルギー,440.3333333333333,False
2023-08,UX顧客分析モデル,14,再生エネルギー,442.5,False
2023-09,UX顧客分析モデル,23,再生エネルギー,103.83333333333333,False
2023-10,UX顧客分析モデル,707,再生エネルギー,219.5,False
2023-11,UX顧客分析モデル,4,再生エネルギー,142.0,False
2023-12,UX顧客分析モデル,23,再生エネルギー,141.0,False
2024-01,UX顧客分析モデル,11,再生エネルギー,130.33333333333334,False
2024-02,UX顧客分析モデル,429,再生エネルギー,199.5,False
2024-03,UX顧客分析モデル,217,再生エネルギー,231.83333333333334,False
2024-04,UX顧客分析モデル,63,再生エネルギー,124.5,False
2025-03,UX顧客分析モデル,1,再生エネルギー,124.0,False
2025-06,UX顧客分析モデル,1,再生エネルギー,120.33333333333333,False
2015-02,ペットも酔わないダイナミクス,14,再生エネルギー,14.0,False
2015-03,ペットも酔わないダイナミクス,27,再生エネルギー,20.5,False
2015-05,ペットも酔わないダイナミクス,16,再生エネルギー,19.0,False
2015-06,ペットも酔わないダイナミクス,4,再生エネルギー,15.25,False
2015-08,ペットも酔わないダイナミクス,16,再生エネルギー,15.4,False
2015-12,ペットも酔わないダイナミクス,13,再生エネルギー,15.0,False
2016-01,ペットも酔わないダイナミクス,5,再生エネルギー,13.5,False
2016-02,ペットも酔わないダイナミクス,23,再生エネルギー,12.833333333333334,False
2016-04,ペットも酔わないダイナミクス,2,再生エネルギー,10.5,False
2016-06,ペットも酔わないダイナミクス,1,再生エネルギー,10.0,False
2016-07,ペットも酔わないダイナミクス,7,再生エネルギー,8.5,False
2016-08,ペットも酔わないダイナミクス,2,再生エネルギー,6.666666666666667,False
2016-09,ペットも酔わないダイナミクス,10,再生エネルギー,7.5,False
2016-11,ペットも酔わないダイナミクス,10,再生エネルギー,5.333333333333333,False
2017-01,ペットも酔わないダイナミクス,1,再生エネルギー,5.166666666666667,False
2017-02,ペットも酔わないダイナミクス,16,再生エネルギー,7.666666666666667,False
2017-03,ペットも酔わないダイナミクス,22,再生エネルギー,10.166666666666666,False
2017-04,ペットも酔わないダイナミクス,2,再生エネルギー,10.166666666666666,False
2017-06,ペットも酔わないダイナミクス,4,再生エネルギー,9.166666666666666,False
2017-08,ペットも酔わないダイナミクス,14,再生エネルギー,9.833333333333334,False
2017-10,ペットも酔わないダイナミクス,6,再生エネルギー,10.666666666666666,False
2017-12,ペットも酔わないダイナミクス,10,再生エネルギー,9.666666666666666,False
2018-01,ペットも酔わないダイナミクス,2,再生エネルギー,6.333333333333333,False
2018-02,ペットも酔わないダイナミクス,4,再生エネルギー,6.666666666666667,False
2018-03,ペットも酔わないダイナミクス,5,再生エネルギー,6.833333333333333,False
2018-04,ペットも酔わないダイナミクス,6,再生エネルギー,5.5,False
2018-06,ペットも酔わないダイナミクス,55,再生エネルギー,13.666666666666666,True
2018-07,ペットも酔わないダイナミクス,14,再生エネルギー,14.333333333333334,False
2018-10,ペットも酔わないダイナミクス,3,再生エネルギー,14.5,False
2018-12,ペットも酔わないダイナミクス,14,再生エネルギー,16.166666666666668,False
2019-01,ペットも酔わないダイナミクス,4,再生エネルギー,16.0,False
2019-02,ペットも酔わないダイナミクス,1,再生エネルギー,15.166666666666666,False
2019-03,ペットも酔わないダイナミクス,4,再生エネルギー,6.666666666666667,False
2019-05,ペットも酔わないダイナミクス,2,再生エネルギー,4.666666666666667,False
2019-06,ペットも酔わないダイナミクス,27,再生エネルギー,8.666666666666666,True
2019-07,ペットも酔わないダイナミクス,15,再生エネルギー,8.833333333333334,True
2019-08,ペットも酔わないダイナミクス,155,再生エネルギー,34.0,False
2019-09,ペットも酔わないダイナミクス,24,再生エネルギー,37.833333333333336,False
2019-10,ペットも酔わないダイナミクス,4,再生エネルギー,37.833333333333336,False
2019-11,ペットも酔わないダイナミクス,42,再生エネルギー,44.5,True
2019-12,ペットも酔わないダイナミクス,43,再生エネルギー,47.166666666666664,False
2020-01,ペットも酔わないダイナミクス,42,再生エネルギー,51.666666666666664,False
2020-02,ペットも酔わないダイナミクス,14,再生エネルギー,28.166666666666668,False
2020-04,ペットも酔わないダイナミクス,5,再生エネルギー,25.0,False
2020-08,ペットも酔わないダイナミクス,11,再生エネルギー,26.166666666666668,False
2020-09,ペットも酔わないダイナミクス,10,再生エネルギー,20.833333333333332,False
2020-10,ペットも酔わないダイナミクス,9,再生エネルギー,15.166666666666666,False
2020-12,ペットも酔わないダイナミクス,2,再生エネルギー,8.5,False
2021-01,ペットも酔わないダイナミクス,14,再生エネルギー,8.5,False
2021-03,ペットも酔わないダイナミクス,4,再生エネルギー,8.333333333333334,False
2021-04,ペットも酔わないダイナミクス,187,再生エネルギー,37.666666666666664,False
2021-05,ペットも酔わないダイナミクス,13,再生エネルギー,38.166666666666664,False
2021-06,ペットも酔わないダイナミクス,1,再生エネルギー,36.833333333333336,False
2021-07,ペットも酔わないダイナミクス,52,再生エネルギー,45.166666666666664,False
2021-08,ペットも酔わないダイナミクス,24,再生エネルギー,46.833333333333336,False
2021-10,ペットも酔わないダイナミクス,1,再生エネルギー,46.333333333333336,False
2021-11,ペットも酔わないダイナミクス,26,再生エネルギー,19.5,False
2021-12,ペットも酔わないダイナミクス,180,再生エネルギー,47.333333333333336,True
2022-01,ペットも酔わないダイナミクス,93,再生エネルギー,62.666666666666664,True
2022-02,ペットも酔わないダイナミクス,389,再生エネルギー,118.83333333333333,True
2022-03,ペットも酔わないダイナミクス,2593,再生エネルギー,547.0,False
2022-04,ペットも酔わないダイナミクス,73,再生エネルギー,559.0,False
2022-05,ペットも酔わないダイナミクス,9,再生エネルギー,556.1666666666666,False
2022-06,ペットも酔わないダイナミクス,3,再生エネルギー,526.6666666666666,False
2022-07,ペットも酔わないダイナミクス,429,再生エネルギー,582.6666666666666,False
2022-08,ペットも酔わないダイナミクス,2,再生エネルギー,518.1666666666666,False
2022-09,ペットも酔わないダイナミクス,210,再生エネルギー,121.0,False
2022-10,ペットも酔わないダイナミクス,1,再生エネルギー,109.0,False
2022-11,ペットも酔わないダイナミクス,328,再生エネルギー,162.16666666666666,False
2022-12,ペットも酔わないダイナミクス,303,再生エネルギー,212.16666666666666,False
2023-02,ペットも酔わないダイナミクス,2,再生エネルギー,141.0,False
2023-03,ペットも酔わないダイナミクス,4612,再生エネルギー,909.3333333333334,False
2023-04,ペットも酔わないダイナミクス,41,再生エネルギー,881.1666666666666,False
2023-05,ペットも酔わないダイナミクス,1135,再生エネルギー,1070.1666666666667,False
2023-06,ペットも酔わないダイナミクス,71,再生エネルギー,1027.3333333333333,False
2023-07,ペットも酔わないダイナミクス,199,再生エネルギー,1010.0,False
2023-08,ペットも酔わないダイナミクス,31,再生エネルギー,1014.8333333333334,False
2023-09,ペットも酔わないダイナミクス,58,再生エネルギー,255.83333333333334,False
2023-10,ペットも酔わないダイナミクス,1757,再生エネルギー,541.8333333333334,False
2023-11,ペットも酔わないダイナミクス,9,再生エネルギー,354.1666666666667,False
2023-12,ペットも酔わないダイナミクス,68,再生エネルギー,353.6666666666667,False
2024-01,ペットも酔わないダイナミクス,41,再生エネルギー,327.3333333333333,False
2024-02,ペットも酔わないダイナミクス,1220,再生エネルギー,525.5,False
2024-03,ペットも酔わないダイナミクス,569,再生エネルギー,610.6666666666666,False
2024-04,ペットも酔わないダイナミクス,189,再生エネルギー,349.3333333333333,False
2025-03,ペットも酔わないダイナミクス,1,再生エネルギー,348.0,False
2015-03,個超個人最適化AI,1,再生エネルギー,1.0,False
2016-02,個超個人最適化AI,1,再生エネルギー,1.0,False
2021-04,個超個人最適化AI,5,再生エネルギー,2.3333333333333335,False
2021-08,個超個人最適化AI,1,再生エネルギー,2.0,False
2021-11,個超個人最適化AI,1,再生エネルギー,1.8,False
2021-12,個超個人最適化AI,1,再生エネルギー,1.6666666666666667,False
2022-01,個超個人最適化AI,1,再生エネルギー,1.6666666666666667,False
2022-02,個超個人最適化AI,4,再生エネルギー,2.1666666666666665,True
2022-03,個超個人最適化AI,17,再生エネルギー,4.166666666666667,False
2022-07,個超個人最適化AI,2,再生エネルギー,4.333333333333333,False
2022-09,個超個人最適化AI,1,再生エネルギー,4.333333333333333,False
2022-11,個超個人最適化AI,2,再生エネルギー,4.5,True
2023-03,個超個人最適化AI,29,再生エネルギー,9.166666666666666,False
2023-05,個超個人最適化AI,6,再生エネルギー,9.5,False
2023-07,個超個人最適化AI,2,再生エネルギー,7.0,False
2023-10,個超個人最適化AI,7,再生エネルギー,7.833333333333333,True
2024-02,個超個人最適化AI,7,再生エネルギー,8.833333333333334,False
2024-03,個超個人最適化AI,4,再生エネルギー,9.166666666666666,False
2015-08,生体計測技術,1,再生エネルギー,1.0,False
2015-12,生体計測技術,2,再生エネルギー,1.5,False
2016-07,生体計測技術,1,再生エネルギー,1.3333333333333333,False
2016-09,生体計測技術,1,再生エネルギー,1.25,False
2017-02,生体計測技術,1,再生エネルギー,1.2,False
2017-03,生体計測技術,3,再生エネルギー,1.5,False
2018-12,生体計測技術,3,再生エネルギー,1.8333333333333333,False
2019-03,生体計測技術,1,再生エネルギー,1.6666666666666667,False
2019-06,生体計測技術,1,再生エネルギー,1.6666666666666667,False
2019-07,生体計測技術,2,再生エネルギー,1.8333333333333333,False
2019-08,生体計測技術,2,再生エネルギー,2.0,False
2019-09,生体計測技術,1,再生エネルギー,1.6666666666666667,False
2019-11,生体計測技術,3,再生エネルギー,1.6666666666666667,False
2019-12,生体計測技術,3,再生エネルギー,2.0,False
2020-01,生体計測技術,1,再生エネルギー,2.0,False
2020-02,生体計測技術,1,再生エネルギー,1.8333333333333333,False
2020-09,生体計測技術,1,再生エネルギー,1.6666666666666667,False
2021-04,生体計測技術,8,再生エネルギー,2.8333333333333335,False
2021-12,生体計測技術,6,再生エネルギー,3.3333333333333335,False
2022-01,生体計測技術,3,再生エネルギー,3.3333333333333335,False
2022-02,生体計測技術,15,再生エネルギー,5.666666666666667,True
2022-03,生体計測技術,98,再生エネルギー,21.833333333333332,True
2022-04,生体計測技術,2,再生エネルギー,22.0,False
2022-07,生体計測技術,15,再生エネルギー,23.166666666666668,False
2022-09,生体計測技術,10,再生エネルギー,23.833333333333332,False
2022-11,生体計測技術,12,再生エネルギー,25.333333333333332,False
2022-12,生体計測技術,17,再生エネルギー,25.666666666666668,False
2023-02,生体計測技術,1,再生エネルギー,9.5,False
2023-03,生体計測技術,214,再生エネルギー,44.833333333333336,False
2023-04,生体計測技術,2,再生エネルギー,42.666666666666664,False
2023-05,生体計測技術,49,再生エネルギー,49.166666666666664,False
2023-06,生体計測技術,3,再生エネルギー,47.666666666666664,False
2023-07,生体計測技術,8,再生エネルギー,46.166666666666664,False
2023-09,生体計測技術,5,再生エネルギー,46.833333333333336,False
2023-10,生体計測技術,67,再生エネルギー,22.333333333333332,False
2023-12,生体計測技術,1,再生エネルギー,22.166666666666668,False
2024-01,生体計測技術,3,再生エネルギー,14.5,False
2024-02,生体計測技術,55,再生エネルギー,23.166666666666668,True
2024-03,生体計測技術,31,再生エネルギー,27.0,False
2024-04,生体計測技術,9,再生エネルギー,27.666666666666668,False
2015-03,INキャビンフュージョンR研究,1,紙パルプ,1.0,False
2017-06,INキャビンフュージョンR研究,1,紙パルプ,1.0,False
2021-04,INキャビンフュージョンR研究,1,紙パルプ,1.0,False
2021-07,INキャビンフュージョンR研究,1,紙パルプ,1.0,False
2021-08,INキャビンフュージョンR研究,1,紙パルプ,1.0,False
2021-12,INキャビンフュージョンR研究,2,紙パルプ,1.1666666666666667,False
2022-01,INキャビンフュージョンR研究,1,紙パルプ,1.1666666666666667,False
2022-02,INキャビンフュージョンR研究,1,紙パルプ,1.1666666666666667,False
2022-03,INキャビンフュージョンR研究,9,紙パルプ,2.5,False
2022-04,INキャビンフュージョンR研究,1,紙パルプ,2.5,False
2022-07,INキャビンフュージョンR研究,3,紙パルプ,2.8333333333333335,False
2022-09,INキャビンフュージョンR研究,1,紙パルプ,2.6666666666666665,False
2023-03,INキャビンフュージョンR研究,26,紙パルプ,6.833333333333333,False
2023-05,INキャビンフュージョンR研究,2,紙パルプ,7.0,False
2023-10,INキャビンフュージョンR研究,2,紙パルプ,5.833333333333333,False
2024-02,INキャビンフュージョンR研究,3,紙パルプ,6.166666666666667,False
2024-03,INキャビンフュージョンR研究,1,紙パルプ,5.833333333333333,False
2024-04,INキャビンフュージョンR研究,1,紙パルプ,5.833333333333333,False
2015-01,UX顧客分析モデル,1,紙パルプ,1.0,False
2015-02,UX顧客分析モデル,11,紙パルプ,6.0,False
2015-03,UX顧客分析モデル,11,紙パルプ,7.666666666666667,False
2015-04,UX顧客分析モデル,2,紙パルプ,6.25,False
2015-05,UX顧客分析モデル,12,紙パルプ,7.4,False
2015-06,UX顧客分析モデル,7,紙パルプ,7.333333333333333,False
2015-07,UX顧客分析モデル,1,紙パルプ,7.333333333333333,False
2015-08,UX顧客分析モデル,7,紙パルプ,6.666666666666667,False
2015-10,UX顧客分析モデル,3,紙パルプ,5.333333333333333,False
2015-11,UX顧客分析モデル,2,紙パルプ,5.333333333333333,False
2015-12,UX顧客分析モデル,5,紙パルプ,4.166666666666667,False
2016-02,UX顧客分析モデル,16,紙パルプ,5.666666666666667,False
2016-03,UX顧客分析モデル,1,紙パルプ,5.666666666666667,False
2016-04,UX顧客分析モデル,3,紙パルプ,5.0,False
2016-06,UX顧客分析モデル,5,紙パルプ,5.333333333333333,False
2016-07,UX顧客分析モデル,5,紙パルプ,5.833333333333333,False
2016-09,UX顧客分析モデル,8,紙パルプ,6.333333333333333,False
2016-11,UX顧客分析モデル,5,紙パルプ,4.5,False
2017-02,UX顧客分析モデル,3,紙パルプ,4.833333333333333,False
2017-03,UX顧客分析モデル,14,紙パルプ,6.666666666666667,False
2017-04,UX顧客分析モデル,1,紙パルプ,6.0,False
2017-06,UX顧客分析モデル,7,紙パルプ,6.333333333333333,False
2017-07,UX顧客分析モデル,2,紙パルプ,5.333333333333333,False
2017-08,UX顧客分析モデル,3,紙パルプ,5.0,False
2017-10,UX顧客分析モデル,3,紙パルプ,5.0,False
2017-12,UX顧客分析モデル,3,紙パルプ,3.1666666666666665,False
2018-01,UX顧客分析モデル,3,紙パルプ,3.5,False
2018-02,UX顧客分析モデル,5,紙パルプ,3.1666666666666665,False
2018-03,UX顧客分析モデル,5,紙パルプ,3.6666666666666665,False
2018-04,UX顧客分析モデル,2,紙パルプ,3.5,False
2018-06,UX顧客分析モデル,18,紙パルプ,6.0,False
2018-07,UX顧客分析モデル,4,紙パルプ,6.166666666666667,False
2018-09,UX顧客分析モデル,1,紙パルプ,5.833333333333333,False
2018-10,UX顧客分析モデル,2,紙パルプ,5.333333333333333,False
2018-12,UX顧客分析モデル,8,紙パルプ,5.833333333333333,False
2019-03,UX顧客分析モデル,2,紙パルプ,5.833333333333333,False
2019-06,UX顧客分析モデル,19,紙パルプ,6.0,True
2019-07,UX顧客分析モデル,6,紙パルプ,6.333333333333333,True
2019-08,UX顧客分析モデル,63,紙パルプ,16.666666666666668,False
2019-09,UX顧客分析モデル,13,紙パルプ,18.5,False
2019-10,UX顧客分析モデル,3,紙パルプ,17.666666666666668,False
2019-11,UX顧客分析モデル,15,紙パルプ,19.833333333333332,False
2019-12,UX顧客分析モデル,15,紙パルプ,19.166666666666668,False
2020-01,UX顧客分析モデル,1,紙パルプ,18.333333333333332,False
2020-02,UX顧客分析モデル,5,紙パルプ,8.666666666666666,False
2020-03,UX顧客分析モデル,2,紙パルプ,6.833333333333333,False
2020-04,UX顧客分析モデル,9,紙パルプ,7.833333333333333,False
2020-05,UX顧客分析モデル,2,紙パルプ,5.666666666666667,False
2020-06,UX顧客分析モデル,1,紙パルプ,3.3333333333333335,False
2020-08,UX顧客分析モデル,5,紙パルプ,4.0,True
2020-09,UX顧客分析モデル,8,紙パルプ,4.5,False
2020-10,UX顧客分析モデル,9,紙パルプ,5.666666666666667,False
2020-11,UX顧客分析モデル,1,紙パルプ,4.333333333333333,False
2020-12,UX顧客分析モデル,7,紙パルプ,5.166666666666667,False
2021-01,UX顧客分析モデル,8,紙パルプ,6.333333333333333,False
2021-03,UX顧客分析モデル,3,紙パルプ,6.0,False
2021-04,UX顧客分析モデル,72,紙パルプ,16.666666666666668,False
2021-05,UX顧客分析モデル,6,紙パルプ,16.166666666666668,False
2021-07,UX顧客分析モデル,17,紙パルプ,18.833333333333332,False
2021-08,UX顧客分析モデル,7,紙パルプ,18.833333333333332,False
2021-09,UX顧客分析モデル,3,紙パルプ,18.0,False
2021-11,UX顧客分析モデル,18,紙パルプ,20.5,False
2021-12,UX顧客分析モデル,67,紙パルプ,19.666666666666668,False
2022-01,UX顧客分析モデル,31,紙パルプ,23.833333333333332,True
2022-02,UX顧客分析モデル,134,紙パルプ,43.333333333333336,True
2022-03,UX顧客分析モデル,1107,紙パルプ,226.66666666666666,False
2022-04,UX顧客分析モデル,27,紙パルプ,230.66666666666666,False
2022-05,UX顧客分析モデル,10,紙パルプ,229.33333333333334,False
2022-06,UX顧客分析モデル,2,紙パルプ,218.5,False
2022-07,UX顧客分析モデル,155,紙パルプ,239.16666666666666,False
2022-08,UX顧客分析モデル,6,紙パルプ,217.83333333333334,False
2022-09,UX顧客分析モデル,67,紙パルプ,44.5,False
2022-10,UX顧客分析モデル,2,紙パルプ,40.333333333333336,False
2022-11,UX顧客分析モデル,123,紙パルプ,59.166666666666664,False
2022-12,UX顧客分析モデル,84,紙パルプ,72.83333333333333,False
2023-02,UX顧客分析モデル,3,紙パルプ,47.5,False
2023-03,UX顧客分析モデル,1979,紙パルプ,376.3333333333333,False
2023-04,UX顧客分析モデル,28,紙パルプ,369.8333333333333,False
2023-05,UX顧客分析モデル,416,紙パルプ,438.8333333333333,False
2023-06,UX顧客分析モデル,22,紙パルプ,422.0,False
2023-07,UX顧客分析モデル,56,紙パルプ,417.3333333333333,False
2023-08,UX顧客分析モデル,20,紙パルプ,420.1666666666667,False
2023-09,UX顧客分析モデル,21,紙パルプ,93.83333333333333,False
2023-10,UX顧客分析モデル,625,紙パルプ,193.33333333333334,False
2023-11,UX顧客分析モデル,1,紙パルプ,124.16666666666667,False
2023-12,UX顧客分析モデル,14,紙パルプ,122.83333333333333,False
2024-01,UX顧客分析モデル,11,紙パルプ,115.33333333333333,False
2024-02,UX顧客分析モデル,388,紙パルプ,176.66666666666666,False
2024-03,UX顧客分析モデル,147,紙パルプ,197.66666666666666,False
2024-04,UX顧客分析モデル,59,紙パルプ,103.33333333333333,False
2025-06,UX顧客分析モデル,1,紙パルプ,103.33333333333333,False
2015-01,ペットも酔わないダイナミクス,1,紙パルプ,1.0,False
2015-02,ペットも酔わないダイナミクス,25,紙パルプ,13.0,False
2015-03,ペットも酔わないダイナミクス,40,紙パルプ,22.0,False
2015-04,ペットも酔わないダイナミクス,4,紙パルプ,17.5,False
2015-05,ペットも酔わないダイナミクス,33,紙パルプ,20.6,False
2015-06,ペットも酔わないダイナミクス,16,紙パルプ,19.833333333333332,False
2015-07,ペットも酔わないダイナミクス,3,紙パルプ,20.166666666666668,False
2015-08,ペットも酔わないダイナミクス,20,紙パルプ,19.333333333333332,False
2015-10,ペットも酔わないダイナミクス,3,紙パルプ,13.166666666666666,False
2015-11,ペットも酔わないダイナミクス,2,紙パルプ,12.833333333333334,False
2015-12,ペットも酔わないダイナミクス,12,紙パルプ,9.333333333333334,False
2016-01,ペットも酔わないダイナミクス,1,紙パルプ,6.833333333333333,False
2016-02,ペットも酔わないダイナミクス,43,紙パルプ,13.5,False
2016-03,ペットも酔わないダイナミクス,4,紙パルプ,10.833333333333334,False
2016-04,ペットも酔わないダイナミクス,2,紙パルプ,10.666666666666666,False
2016-06,ペットも酔わないダイナミクス,6,紙パルプ,11.333333333333334,False
2016-07,ペットも酔わないダイナミクス,15,紙パルプ,11.833333333333334,False
2016-08,ペットも酔わないダイナミクス,2,紙パルプ,12.0,False
2016-09,ペットも酔わないダイナミクス,12,紙パルプ,6.833333333333333,False
2016-10,ペットも酔わないダイナミクス,1,紙パルプ,6.333333333333333,False
2016-11,ペットも酔わないダイナミクス,13,紙パルプ,8.166666666666666,False
2016-12,ペットも酔わないダイナミクス,3,紙パルプ,7.666666666666667,False
2017-02,ペットも酔わないダイナミクス,12,紙パルプ,7.166666666666667,False
2017-03,ペットも酔わないダイナミクス,27,紙パルプ,11.333333333333334,False
2017-04,ペットも酔わないダイナミクス,2,紙パルプ,9.666666666666666,False
2017-05,ペットも酔わないダイナミクス,1,紙パルプ,9.666666666666666,False
2017-06,ペットも酔わないダイナミクス,12,紙パルプ,9.5,False
2017-07,ペットも酔わないダイナミクス,2,紙パルプ,9.333333333333334,False
2017-08,ペットも酔わないダイナミクス,18,紙パルプ,10.333333333333334,False
2017-10,ペットも酔わないダイナミクス,10,紙パルプ,7.5,False
2017-12,ペットも酔わないダイナミクス,13,紙パルプ,9.333333333333334,True
2018-01,ペットも酔わないダイナミクス,9,紙パルプ,10.666666666666666,False
2018-02,ペットも酔わないダイナミクス,13,紙パルプ,10.833333333333334,False
2018-03,ペットも酔わないダイナミクス,6,紙パルプ,11.5,False
2018-04,ペットも酔わないダイナミクス,12,紙パルプ,10.5,False
2018-06,ペットも酔わないダイナミクス,52,紙パルプ,17.5,False
2018-07,ペットも酔わないダイナミクス,18,紙パルプ,18.333333333333332,False
2018-08,ペットも酔わないダイナミクス,1,紙パルプ,17.0,False
2018-09,ペットも酔わないダイナミクス,1,紙パルプ,15.0,False
2018-10,ペットも酔わないダイナミクス,6,紙パルプ,15.0,False
2018-12,ペットも酔わないダイナミクス,32,紙パルプ,18.333333333333332,False
2019-01,ペットも酔わないダイナミクス,4,紙パルプ,10.333333333333334,False
2019-02,ペットも酔わないダイナミクス,5,紙パルプ,8.166666666666666,False
2019-03,ペットも酔わないダイナミクス,11,紙パルプ,9.833333333333334,True
2019-05,ペットも酔わないダイナミクス,4,紙パルプ,10.333333333333334,False
2019-06,ペットも酔わないダイナミクス,39,紙パルプ,15.833333333333334,False
2019-07,ペットも酔わないダイナミクス,16,紙パルプ,13.166666666666666,False
2019-08,ペットも酔わないダイナミクス,139,紙パルプ,35.666666666666664,False
2019-09,ペットも酔わないダイナミクス,37,紙パルプ,41.0,False
2019-10,ペットも酔わないダイナミクス,8,紙パルプ,40.5,False
2019-11,ペットも酔わないダイナミクス,45,紙パルプ,47.333333333333336,False
2019-12,ペットも酔わないダイナミクス,47,紙パルプ,48.666666666666664,False
2020-01,ペットも酔わないダイナミクス,18,紙パルプ,49.0,False
2020-02,ペットも酔わないダイナミクス,15,紙パルプ,28.333333333333332,False
2020-03,ペットも酔わないダイナミクス,3,紙パルプ,22.666666666666668,False
2020-04,ペットも酔わないダイナミクス,18,紙パルプ,24.333333333333332,False
2020-05,ペットも酔わないダイナミクス,2,紙パルプ,17.166666666666668,False
2020-06,ペットも酔わないダイナミクス,5,紙パルプ,10.166666666666666,False
2020-08,ペットも酔わないダイナミクス,19,紙パルプ,10.333333333333334,True
2020-09,ペットも酔わないダイナミクス,19,紙パルプ,11.0,False
2020-10,ペットも酔わないダイナミクス,19,紙パルプ,13.666666666666666,False
2020-11,ペットも酔わないダイナミクス,3,紙パルプ,11.166666666666666,False
2020-12,ペットも酔わないダイナミクス,13,紙パルプ,13.0,False
2021-01,ペットも酔わないダイナミクス,19,紙パルプ,15.333333333333334,False
2021-02,ペットも酔わないダイナミクス,2,紙パルプ,12.5,False
2021-03,ペットも酔わないダイナミクス,4,紙パルプ,10.0,False
2021-04,ペットも酔わないダイナミクス,168,紙パルプ,34.833333333333336,True
2021-05,ペットも酔わないダイナミクス,24,紙パルプ,38.333333333333336,True
2021-07,ペットも酔わないダイナミクス,50,紙パルプ,44.5,False
2021-08,ペットも酔わないダイナミクス,30,紙パルプ,46.333333333333336,False
2021-09,ペットも酔わないダイナミクス,6,紙パルプ,47.0,False
2021-10,ペットも酔わないダイナミクス,1,紙パルプ,46.5,False
2021-11,ペットも酔わないダイナミクス,31,紙パルプ,23.666666666666668,False
2021-12,ペットも酔わないダイナミクス,159,紙パルプ,46.166666666666664,True
2022-01,ペットも酔わないダイナミクス,77,紙パルプ,50.666666666666664,True
2022-02,ペットも酔わないダイナミクス,325,紙パルプ,99.83333333333333,True
2022-03,ペットも酔わないダイナミクス,2721,紙パルプ,552.3333333333334,False
2022-04,ペットも酔わないダイナミクス,65,紙パルプ,563.0,False
2022-05,ペットも酔わないダイナミクス,19,紙パルプ,561.0,False
2022-06,ペットも酔わないダイナミクス,8,紙パルプ,535.8333333333334,False
2022-07,ペットも酔わないダイナミクス,379,紙パルプ,586.1666666666666,False
2022-08,ペットも酔わないダイナミクス,10,紙パルプ,533.6666666666666,False
2022-09,ペットも酔わないダイナミクス,188,紙パルプ,111.5,False
2022-10,ペットも酔わないダイナミクス,2,紙パルプ,101.0,False
2022-11,ペットも酔わないダイナミクス,276,紙パルプ,143.83333333333334,False
2022-12,ペットも酔わないダイナミクス,249,紙パルプ,184.0,False
2023-01,ペットも酔わないダイナミクス,2,紙パルプ,121.16666666666667,False
2023-02,ペットも酔わないダイナミクス,4,紙パルプ,120.16666666666667,False
2023-03,ペットも酔わないダイナミクス,4619,紙パルプ,858.6666666666666,True
2023-04,ペットも酔わないダイナミクス,60,紙パルプ,868.3333333333334,False
2023-05,ペットも酔わないダイナミクス,998,紙パルプ,988.6666666666666,False
2023-06,ペットも酔わないダイナミクス,61,紙パルプ,957.3333333333334,False
2023-07,ペットも酔わないダイナミクス,147,紙パルプ,981.5,False
2023-08,ペットも酔わないダイナミクス,42,紙パルプ,987.8333333333334,False
2023-09,ペットも酔わないダイナミクス,47,紙パルプ,225.83333333333334,False
2023-10,ペットも酔わないダイナミクス,1518,紙パルプ,468.8333333333333,False
2023-11,ペットも酔わないダイナミクス,7,紙パルプ,303.6666666666667,False
2023-12,ペットも酔わないダイナミクス,42,紙パルプ,300.5,False
2024-01,ペットも酔わないダイナミクス,26,紙パルプ,280.3333333333333,False
2024-02,ペットも酔わないダイナミクス,939,紙パルプ,429.8333333333333,False
2024-03,ペットも酔わないダイナミクス,376,紙パルプ,484.6666666666667,False
2024-04,ペットも酔わないダイナミクス,130,紙パルプ,253.33333333333334,False
2025-06,ペットも酔わないダイナミクス,1,紙パルプ,252.33333333333334,False
2017-06,個超個人最適化AI,1,紙パルプ,1.0,False
2019-07,個超個人最適化AI,1,紙パルプ,1.0,False
2019-08,個超個人最適化AI,1,紙パルプ,1.0,False
2019-11,個超個人最適化AI,1,紙パルプ,1.0,False
2021-04,個超個人最適化AI,1,紙パルプ,1.0,False
2022-01,個超個人最適化AI,1,紙パルプ,1.0,False
2022-03,個超個人最適化AI,10,紙パルプ,2.5,False
2022-05,個超個人最適化AI,1,紙パルプ,2.5,False
2022-07,個超個人最適化AI,1,紙パルプ,2.5,False
2022-11,個超個人最適化AI,1,紙パルプ,2.5,False
2023-03,個超個人最適化AI,17,紙パルプ,5.166666666666667,False
2023-05,個超個人最適化AI,5,紙パルプ,5.833333333333333,False
2023-06,個超個人最適化AI,1,紙パルプ,4.333333333333333,False
2023-07,個超個人最適化AI,1,紙パルプ,4.333333333333333,False
2023-10,個超個人最適化AI,7,紙パルプ,5.333333333333333,False
2023-12,個超個人最適化AI,1,紙パルプ,5.333333333333333,False
2024-02,個超個人最適化AI,4,紙パルプ,3.1666666666666665,False
2024-04,個超個人最適化AI,1,紙パルプ,2.5,False
2015-03,生体計測技術,1,紙パルプ,1.0,False
2015-06,生体計測技術,1,紙パルプ,1.0,False
2015-08,生体計測技術,1,紙パルプ,1.0,False
2016-02,生体計測技術,3,紙パルプ,1.5,False
2016-07,生体計測技術,1,紙パルプ,1.4,False
2016-09,生体計測技術,4,紙パルプ,1.8333333333333333,True
2017-02,生体計測技術,2,紙パルプ,2.0,False
2017-03,生体計測技術,2,紙パルプ,2.1666666666666665,False
2017-06,生体計測技術,1,紙パルプ,2.1666666666666665,False
2017-12,生体計測技術,1,紙パルプ,1.8333333333333333,False
2018-01,生体計測技術,1,紙パルプ,1.8333333333333333,False
2018-02,生体計測技術,2,紙パルプ,1.5,False
2018-03,生体計測技術,1,紙パルプ,1.3333333333333333,False
2018-06,生体計測技術,4,紙パルプ,1.6666666666666667,False
2018-07,生体計測技術,1,紙パルプ,1.6666666666666667,False
2019-05,生体計測技術,1,紙パルプ,1.6666666666666667,False
2019-07,生体計測技術,1,紙パルプ,1.6666666666666667,False
2019-08,生体計測技術,6,紙パルプ,2.3333333333333335,False
2019-11,生体計測技術,2,紙パルプ,2.5,False
2019-12,生体計測技術,2,紙パルプ,2.1666666666666665,False
2020-01,生体計測技術,2,紙パルプ,2.3333333333333335,False
2020-04,生体計測技術,1,紙パルプ,2.3333333333333335,False
2021-04,生体計測技術,4,紙パルプ,2.8333333333333335,False
2021-07,生体計測技術,4,紙パルプ,2.5,False
2021-08,生体計測技術,2,紙パルプ,2.5,False
2021-11,生体計測技術,1,紙パルプ,2.3333333333333335,False
2021-12,生体計測技術,7,紙パルプ,3.1666666666666665,True
2022-01,生体計測技術,2,紙パルプ,3.3333333333333335,True
2022-02,生体計測技術,9,紙パルプ,4.166666666666667,False
2022-03,生体計測技術,127,紙パルプ,24.666666666666668,False
2022-04,生体計測技術,2,紙パルプ,24.666666666666668,False
2022-07,生体計測技術,18,紙パルプ,27.5,False
2022-09,生体計測技術,6,紙パルプ,27.333333333333332,False
2022-11,生体計測技術,10,紙パルプ,28.666666666666668,False
2022-12,生体計測技術,3,紙パルプ,27.666666666666668,False
2023-03,生体計測技術,214,紙パルプ,42.166666666666664,False
2023-05,生体計測技術,35,紙パルプ,47.666666666666664,False
2023-07,生体計測技術,5,紙パルプ,45.5,False
2023-08,生体計測技術,4,紙パルプ,45.166666666666664,False
2023-09,生体計測技術,5,紙パルプ,44.333333333333336,False
2023-10,生体計測技術,82,紙パルプ,57.5,False
2023-12,生体計測技術,2,紙パルプ,22.166666666666668,False
2024-01,生体計測技術,4,紙パルプ,17.0,False
2024-02,生体計測技術,36,紙パルプ,22.166666666666668,True
2024-03,生体計測技術,11,紙パルプ,23.333333333333332,False
2024-04,生体計測技術,6,紙パルプ,23.5,False
2015-03,INキャビンフュージョンR研究,2,自動車,2.0,False
2015-06,INキャビンフュージョンR研究,2,自動車,2.0,False
2015-12,INキャビンフュージョンR研究,5,自動車,3.0,False
2016-02,INキャビンフュージョンR研究,1,自動車,2.5,False
2016-06,INキャビンフュージョンR研究,1,自動車,2.2,False
2018-06,INキャビンフュージョンR研究,1,自動車,2.0,False
2019-06,INキャビンフュージョンR研究,3,自動車,2.1666666666666665,False
2019-08,INキャビンフュージョンR研究,2,自動車,2.1666666666666665,False
2019-09,INキャビンフュージョンR研究,1,自動車,1.5,False
2020-01,INキャビンフュージョンR研究,1,自動車,1.5,False
2020-10,INキャビンフュージョンR研究,2,自動車,1.6666666666666667,False
2021-04,INキャビンフュージョンR研究,3,自動車,2.0,False
2022-01,INキャビンフュージョンR研究,1,自動車,1.6666666666666667,False
2022-02,INキャビンフュージョンR研究,4,自動車,2.0,False
2022-03,INキャビンフュージョンR研究,30,自動車,6.833333333333333,False
2022-04,INキャビンフュージョンR研究,1,自動車,6.833333333333333,False
2022-07,INキャビンフュージョンR研究,7,自動車,7.666666666666667,False
2022-09,INキャビンフュージョンR研究,3,自動車,7.666666666666667,False
2022-11,INキャビンフュージョンR研究,1,自動車,7.666666666666667,False
2022-12,INキャビンフュージョンR研究,5,自動車,7.833333333333333,False
2023-02,INキャビンフュージョンR研究,1,自動車,3.0,False
2023-03,INキャビンフュージョンR研究,54,自動車,11.833333333333334,False
2023-05,INキャビンフュージョンR研究,16,自動車,13.333333333333334,False
2023-06,INキャビンフュージョンR研究,1,自動車,13.0,False
2023-07,INキャビンフュージョンR研究,3,自動車,13.333333333333334,False
2023-08,INキャビンフュージョンR研究,1,自動車,12.666666666666666,False
2023-10,INキャビンフュージョンR研究,22,自動車,16.166666666666668,False
2023-12,INキャビンフュージョンR研究,2,自動車,7.5,False
2024-02,INキャビンフュージョンR研究,10,自動車,6.5,False
2024-03,INキャビンフュージョンR研究,2,自動車,6.666666666666667,False
2015-01,UX顧客分析モデル,1,自動車,1.0,False
2015-02,UX顧客分析モデル,47,自動車,24.0,False
2015-03,UX顧客分析モデル,84,自動車,44.0,False
2015-04,UX顧客分析モデル,4,自動車,34.0,False
2015-05,UX顧客分析モデル,76,自動車,42.4,False
2015-06,UX顧客分析モデル,29,自動車,40.166666666666664,False
2015-07,UX顧客分析モデル,3,自動車,40.5,False
2015-08,UX顧客分析モデル,53,自動車,41.5,False
2015-09,UX顧客分析モデル,6,自動車,28.5,False
2015-10,UX顧客分析モデル,3,自動車,28.333333333333332,False
2015-11,UX顧客分析モデル,1,自動車,15.833333333333334,False
2015-12,UX顧客分析モデル,30,自動車,16.0,False
2016-01,UX顧客分析モデル,6,自動車,16.5,True
2016-02,UX顧客分析モデル,77,自動車,20.5,True
2016-03,UX顧客分析モデル,13,自動車,21.666666666666668,True
2016-04,UX顧客分析モデル,18,自動車,24.166666666666668,False
2016-06,UX顧客分析モデル,17,自動車,26.833333333333332,False
2016-07,UX顧客分析モデル,33,自動車,27.333333333333332,False
2016-08,UX顧客分析モデル,1,自動車,26.5,False
2016-09,UX顧客分析モデル,24,自動車,17.666666666666668,False
2016-10,UX顧客分析モデル,3,自動車,16.0,False
2016-11,UX顧客分析モデル,32,自動車,18.333333333333332,False
2017-01,UX顧客分析モデル,1,自動車,15.666666666666666,False
2017-02,UX顧客分析モデル,43,自動車,17.333333333333332,False
2017-03,UX顧客分析モデル,83,自動車,31.0,False
2017-04,UX顧客分析モデル,4,自動車,27.666666666666668,False
2017-06,UX顧客分析モデル,21,自動車,30.666666666666668,False
2017-07,UX顧客分析モデル,2,自動車,25.666666666666668,False
2017-08,UX顧客分析モデル,37,自動車,31.666666666666668,False
2017-10,UX顧客分析モデル,16,自動車,27.166666666666668,False
2017-12,UX顧客分析モデル,45,自動車,20.833333333333332,False
2018-01,UX顧客分析モデル,11,自動車,22.0,False
2018-02,UX顧客分析モデル,19,自動車,21.666666666666668,False
2018-03,UX顧客分析モデル,21,自動車,24.833333333333332,True
2018-04,UX顧客分析モデル,49,自動車,26.833333333333332,False
2018-06,UX顧客分析モデル,127,自動車,45.333333333333336,False
2018-07,UX顧客分析モデル,44,自動車,45.166666666666664,False
2018-08,UX顧客分析モデル,6,自動車,44.333333333333336,False
2018-09,UX顧客分析モデル,3,自動車,41.666666666666664,False
2018-10,UX顧客分析モデル,20,自動車,41.5,False
2018-11,UX顧客分析モデル,9,自動車,34.833333333333336,False
2018-12,UX顧客分析モデル,31,自動車,18.833333333333332,False
2019-01,UX顧客分析モデル,1,自動車,11.666666666666666,False
2019-02,UX顧客分析モデル,10,自動車,12.333333333333334,False
2019-03,UX顧客分析モデル,10,自動車,13.5,False
2019-04,UX顧客分析モデル,9,自動車,11.666666666666666,False
2019-05,UX顧客分析モデル,8,自動車,11.5,False
2019-06,UX顧客分析モデル,70,自動車,18.0,True
2019-07,UX顧客分析モデル,54,自動車,26.833333333333332,True
2019-08,UX顧客分析モデル,247,自動車,66.33333333333333,True
2019-09,UX顧客分析モデル,32,自動車,70.0,False
2019-10,UX顧客分析モデル,15,自動車,71.0,False
2019-11,UX顧客分析モデル,95,自動車,85.5,False
2019-12,UX顧客分析モデル,75,自動車,86.33333333333333,False
2020-01,UX顧客分析モデル,48,自動車,85.33333333333333,False
2020-02,UX顧客分析モデル,19,自動車,47.333333333333336,False
2020-03,UX顧客分析モデル,2,自動車,42.333333333333336,False
2020-04,UX顧客分析モデル,39,自動車,46.333333333333336,False
2020-05,UX顧客分析モデル,9,自動車,32.0,False
2020-06,UX顧客分析モデル,2,自動車,19.833333333333332,False
2020-08,UX顧客分析モデル,42,自動車,18.833333333333332,False
2020-09,UX顧客分析モデル,40,自動車,22.333333333333332,False
2020-10,UX顧客分析モデル,17,自動車,24.833333333333332,False
2020-11,UX顧客分析モデル,1,自動車,18.5,False
2020-12,UX顧客分析モデル,27,自動車,21.5,False
2021-01,UX顧客分析モデル,42,自動車,28.166666666666668,False
2021-02,UX顧客分析モデル,1,自動車,21.333333333333332,False
2021-03,UX顧客分析モデル,7,自動車,15.833333333333334,False
2021-04,UX顧客分析モデル,265,自動車,57.166666666666664,False
2021-05,UX顧客分析モデル,28,自動車,61.666666666666664,False
2021-06,UX顧客分析モデル,6,自動車,58.166666666666664,False
2021-07,UX顧客分析モデル,93,自動車,66.66666666666667,False
2021-08,UX顧客分析モデル,35,自動車,72.33333333333333,False
2021-09,UX顧客分析モデル,4,自動車,71.83333333333333,False
2021-10,UX顧客分析モデル,4,自動車,28.333333333333332,False
2021-11,UX顧客分析モデル,40,自動車,30.333333333333332,True
2021-12,UX顧客分析モデル,224,自動車,66.66666666666667,True
2022-01,UX顧客分析モデル,142,自動車,74.83333333333333,True
2022-02,UX顧客分析モデル,426,自動車,140.0,True
2022-03,UX顧客分析モデル,3019,自動車,642.5,False
2022-04,UX顧客分析モデル,93,自動車,657.3333333333334,False
2022-05,UX顧客分析モデル,35,自動車,656.5,False
2022-06,UX顧客分析モデル,13,自動車,621.3333333333334,False
2022-07,UX顧客分析モデル,486,自動車,678.6666666666666,False
2022-08,UX顧客分析モデル,16,自動車,610.3333333333334,False
2022-09,UX顧客分析モデル,234,自動車,146.16666666666666,False
2022-10,UX顧客分析モデル,2,自動車,131.0,False
2022-11,UX顧客分析モデル,349,自動車,183.33333333333334,False
2022-12,UX顧客分析モデル,332,自動車,236.5,False
2023-01,UX顧客分析モデル,5,自動車,156.33333333333334,False
2023-02,UX顧客分析モデル,6,自動車,154.66666666666666,False
2023-03,UX顧客分析モデル,4951,自動車,940.8333333333334,True
2023-04,UX顧客分析モデル,103,自動車,957.6666666666666,False
2023-05,UX顧客分析モデル,1216,自動車,1102.1666666666667,False
2023-06,UX顧客分析モデル,138,自動車,1069.8333333333333,False
2023-07,UX顧客分析モデル,274,自動車,1114.6666666666667,False
2023-08,UX顧客分析モデル,53,自動車,1122.5,False
2023-09,UX顧客分析モデル,84,自動車,311.3333333333333,False
2023-10,UX顧客分析モデル,2000,自動車,627.5,False
2023-11,UX顧客分析モデル,13,自動車,427.0,False
2023-12,UX顧客分析モデル,73,自動車,416.1666666666667,False
2024-01,UX顧客分析モデル,45,自動車,378.0,False
2024-02,UX顧客分析モデル,1102,自動車,552.8333333333334,False
2024-03,UX顧客分析モデル,573,自動車,634.3333333333334,False
2024-04,UX顧客分析モデル,168,自動車,329.0,False
2025-06,UX顧客分析モデル,3,自動車,327.3333333333333,False
2015-01,ペットも酔わないダイナミクス,2,自動車,2.0,False
2015-02,ペットも酔わないダイナミクス,132,自動車,67.0,False
2015-03,ペットも酔わないダイナミクス,222,自動車,118.66666666666667,False
2015-04,ペットも酔わないダイナミクス,14,自動車,92.5,False
2015-05,ペットも酔わないダイナミクス,182,自動車,110.4,False
2015-06,ペットも酔わないダイナミクス,74,自動車,104.33333333333333,False
2015-07,ペットも酔わないダイナミクス,10,自動車,105.66666666666667,False
2015-08,ペットも酔わないダイナミクス,120,自動車,103.66666666666667,False
2015-09,ペットも酔わないダイナミクス,15,自動車,69.16666666666667,False
2015-10,ペットも酔わないダイナミクス,9,自動車,68.33333333333333,False
2015-11,ペットも酔わないダイナミクス,2,自動車,38.333333333333336,False
2015-12,ペットも酔わないダイナミクス,65,自動車,36.833333333333336,False
2016-01,ペットも酔わないダイナミクス,17,自動車,38.0,True
2016-02,ペットも酔わないダイナミクス,183,自動車,48.5,True
2016-03,ペットも酔わないダイナミクス,28,自動車,50.666666666666664,False
2016-04,ペットも酔わないダイナミクス,28,自動車,53.833333333333336,False
2016-06,ペットも酔わないダイナミクス,43,自動車,60.666666666666664,False
2016-07,ペットも酔わないダイナミクス,70,自動車,61.5,False
2016-08,ペットも酔わないダイナミクス,4,自動車,59.333333333333336,False
2016-09,ペットも酔わないダイナミクス,53,自動車,37.666666666666664,False
2016-10,ペットも酔わないダイナミクス,9,自動車,34.5,False
2016-11,ペットも酔わないダイナミクス,94,自動車,45.5,False
2016-12,ペットも酔わないダイナミクス,5,自動車,39.166666666666664,False
2017-01,ペットも酔わないダイナミクス,4,自動車,28.166666666666668,False
2017-02,ペットも酔わないダイナミクス,100,自動車,44.166666666666664,True
2017-03,ペットも酔わないダイナミクス,178,自動車,65.0,False
2017-04,ペットも酔わないダイナミクス,11,自動車,65.33333333333333,False
2017-05,ペットも酔わないダイナミクス,1,自動車,49.833333333333336,False
2017-06,ペットも酔わないダイナミクス,56,自動車,58.333333333333336,False
2017-07,ペットも酔わないダイナミクス,6,自動車,58.666666666666664,False
2017-08,ペットも酔わないダイナミクス,84,自動車,56.0,False
2017-10,ペットも酔わないダイナミクス,51,自動車,34.833333333333336,False
2017-12,ペットも酔わないダイナミクス,86,自動車,47.333333333333336,False
2018-01,ペットも酔わないダイナミクス,28,自動車,51.833333333333336,False
2018-02,ペットも酔わないダイナミクス,47,自動車,50.333333333333336,False
2018-03,ペットも酔わないダイナミクス,45,自動車,56.833333333333336,True
2018-04,ペットも酔わないダイナミクス,108,自動車,60.833333333333336,True
2018-06,ペットも酔わないダイナミクス,308,自動車,103.66666666666667,False
2018-07,ペットも酔わないダイナミクス,98,自動車,105.66666666666667,False
2018-08,ペットも酔わないダイナミクス,17,自動車,103.83333333333333,False
2018-09,ペットも酔わないダイナミクス,3,自動車,96.5,False
2018-10,ペットも酔わないダイナミクス,43,自動車,96.16666666666667,False
2018-11,ペットも酔わないダイナミクス,9,自動車,79.66666666666667,False
2018-12,ペットも酔わないダイナミクス,84,自動車,42.333333333333336,False
2019-01,ペットも酔わないダイナミクス,12,自動車,28.0,False
2019-02,ペットも酔わないダイナミクス,25,自動車,29.333333333333332,False
2019-03,ペットも酔わないダイナミクス,34,自動車,34.5,False
2019-04,ペットも酔わないダイナミクス,23,自動車,31.166666666666668,False
2019-05,ペットも酔わないダイナミクス,18,自動車,32.666666666666664,True
2019-06,ペットも酔わないダイナミクス,192,自動車,50.666666666666664,True
2019-07,ペットも酔わないダイナミクス,111,自動車,67.16666666666667,True
2019-08,ペットも酔わないダイナミクス,582,自動車,160.0,True
2019-09,ペットも酔わないダイナミクス,115,自動車,173.5,False
2019-10,ペットも酔わないダイナミクス,38,自動車,176.0,False
2019-11,ペットも酔わないダイナミクス,194,自動車,205.33333333333334,False
2019-12,ペットも酔わないダイナミクス,169,自動車,201.5,False
2020-01,ペットも酔わないダイナミクス,131,自動車,204.83333333333334,False
2020-02,ペットも酔わないダイナミクス,56,自動車,117.16666666666667,False
2020-03,ペットも酔わないダイナミクス,5,自動車,98.83333333333333,False
2020-04,ペットも酔わないダイナミクス,105,自動車,110.0,False
2020-05,ペットも酔わないダイナミクス,18,自動車,80.66666666666667,False
2020-06,ペットも酔わないダイナミクス,8,自動車,53.833333333333336,False
2020-08,ペットも酔わないダイナミクス,106,自動車,49.666666666666664,False
2020-09,ペットも酔わないダイナミクス,120,自動車,60.333333333333336,False
2020-10,ペットも酔わないダイナミクス,45,自動車,67.0,False
2020-11,ペットも酔わないダイナミクス,1,自動車,49.666666666666664,False
2020-12,ペットも酔わないダイナミクス,62,自動車,57.0,False
2021-01,ペットも酔わないダイナミクス,94,自動車,71.33333333333333,False
2021-02,ペットも酔わないダイナミクス,2,自動車,54.0,False
2021-03,ペットも酔わないダイナミクス,11,自動車,35.833333333333336,False
2021-04,ペットも酔わないダイナミクス,658,自動車,138.0,False
2021-05,ペットも酔わないダイナミクス,95,自動車,153.66666666666666,False
2021-06,ペットも酔わないダイナミクス,9,自動車,144.83333333333334,False
2021-07,ペットも酔わないダイナミクス,196,自動車,161.83333333333334,False
2021-08,ペットも酔わないダイナミクス,104,自動車,178.83333333333334,False
2021-09,ペットも酔わないダイナミクス,18,自動車,180.0,False
2021-10,ペットも酔わないダイナミクス,10,自動車,72.0,False
2021-11,ペットも酔わないダイナミクス,96,自動車,72.16666666666667,True
2021-12,ペットも酔わないダイナミクス,553,自動車,162.83333333333334,True
2022-01,ペットも酔わないダイナミクス,311,自動車,182.0,True
2022-02,ペットも酔わないダイナミクス,982,自動車,328.3333333333333,True
2022-03,ペットも酔わないダイナミクス,6908,自動車,1476.6666666666667,False
2022-04,ペットも酔わないダイナミクス,214,自動車,1510.6666666666667,False
2022-05,ペットも酔わないダイナミクス,78,自動車,1507.6666666666667,False
2022-06,ペットも酔わないダイナミクス,39,自動車,1422.0,False
2022-07,ペットも酔わないダイナミクス,1148,自動車,1561.5,False
2022-08,ペットも酔わないダイナミクス,36,自動車,1403.8333333333333,False
2022-09,ペットも酔わないダイナミクス,540,自動車,342.5,False
2022-10,ペットも酔わないダイナミクス,4,自動車,307.5,False
2022-11,ペットも酔わないダイナミクス,838,自動車,434.1666666666667,False
2022-12,ペットも酔わないダイナミクス,807,自動車,562.1666666666666,False
2023-01,ペットも酔わないダイナミクス,5,自動車,371.6666666666667,False
2023-02,ペットも酔わないダイナミクス,7,自動車,366.8333333333333,False
2023-03,ペットも酔わないダイナミクス,11136,自動車,2132.8333333333335,True
2023-04,ペットも酔わないダイナミクス,225,自動車,2169.6666666666665,False
2023-05,ペットも酔わないダイナミクス,2720,自動車,2483.3333333333335,False
2023-06,ペットも酔わないダイナミクス,276,自動車,2394.8333333333335,False
2023-07,ペットも酔わないダイナミクス,591,自動車,2492.5,False
2023-08,ペットも酔わないダイナミクス,124,自動車,2512.0,False
2023-09,ペットも酔わないダイナミクス,188,自動車,687.3333333333334,False
2023-10,ペットも酔わないダイナミクス,4348,自動車,1374.5,False
2023-11,ペットも酔わないダイナミクス,41,自動車,928.0,False
2023-12,ペットも酔わないダイナミクス,159,自動車,908.5,False
2024-01,ペットも酔わないダイナミクス,99,自動車,826.5,False
2024-02,ペットも酔わないダイナミクス,2649,自動車,1247.3333333333333,False
2024-03,ペットも酔わないダイナミクス,1256,自動車,1425.3333333333333,False
2024-04,ペットも酔わないダイナミクス,422,自動車,771.0,False
2025-04,ペットも酔わないダイナミクス,1,自動車,764.3333333333334,False
2025-06,ペットも酔わないダイナミクス,3,自動車,738.3333333333334,False
2015-07,個超個人最適化AI,1,自動車,1.0,False
2015-08,個超個人最適化AI,1,自動車,1.0,False
2015-12,個超個人最適化AI,1,自動車,1.0,False
2016-02,個超個人最適化AI,1,自動車,1.0,False
2017-03,個超個人最適化AI,1,自動車,1.0,False
2017-12,個超個人最適化AI,1,自動車,1.0,False
2018-03,個超個人最適化AI,2,自動車,1.1666666666666667,False
2018-06,個超個人最適化AI,2,自動車,1.3333333333333333,False
2018-07,個超個人最適化AI,1,自動車,1.3333333333333333,False
2019-06,個超個人最適化AI,1,自動車,1.3333333333333333,False
2019-07,個超個人最適化AI,1,自動車,1.3333333333333333,False
2019-08,個超個人最適化AI,3,自動車,1.6666666666666667,False
2020-09,個超個人最適化AI,1,自動車,1.5,False
2020-10,個超個人最適化AI,1,自動車,1.3333333333333333,False
2021-03,個超個人最適化AI,1,自動車,1.3333333333333333,False
2021-04,個超個人最適化AI,3,自動車,1.6666666666666667,False
2021-11,個超個人最適化AI,1,自動車,1.6666666666666667,False
2021-12,個超個人最適化AI,3,自動車,1.6666666666666667,False
2022-01,個超個人最適化AI,2,自動車,1.8333333333333333,True
2022-02,個超個人最適化AI,8,自動車,3.0,False
2022-03,個超個人最適化AI,25,自動車,7.0,False
2022-07,個超個人最適化AI,1,自動車,6.666666666666667,False
2022-09,個超個人最適化AI,4,自動車,7.166666666666667,False
2022-11,個超個人最適化AI,2,自動車,7.0,False
2022-12,個超個人最適化AI,2,自動車,7.0,False
2023-03,個超個人最適化AI,34,自動車,11.333333333333334,False
2023-04,個超個人最適化AI,2,自動車,7.5,False
2023-05,個超個人最適化AI,10,自動車,9.0,False
2023-06,個超個人最適化AI,1,自動車,8.5,False
2023-07,個超個人最適化AI,3,自動車,8.666666666666666,False
2023-08,個超個人最適化AI,1,自動車,8.5,False
2023-10,個超個人最適化AI,23,自動車,6.666666666666667,False
2023-12,個超個人最適化AI,6,自動車,7.333333333333333,False
2024-01,個超個人最適化AI,2,自動車,6.0,False
2024-02,個超個人最適化AI,7,自動車,7.0,True
2024-03,個超個人最適化AI,8,自動車,7.833333333333333,False
2024-04,個超個人最適化AI,3,自動車,8.166666666666666,False
2015-02,生体計測技術,6,自動車,6.0,False
2015-03,生体計測技術,10,自動車,8.0,False
2015-05,生体計測技術,3,自動車,6.333333333333333,False
2015-06,生体計測技術,4,自動車,5.75,False
2015-08,生体計測技術,4,自動車,5.4,False
2015-09,生体計測技術,2,自動車,4.833333333333333,False
2015-12,生体計測技術,7,自動車,5.0,False
2016-01,生体計測技術,1,自動車,3.5,False
2016-02,生体計測技術,8,自動車,4.333333333333333,False
2016-07,生体計測技術,2,自動車,4.0,False
2016-09,生体計測技術,2,自動車,3.6666666666666665,False
2016-11,生体計測技術,3,自動車,3.8333333333333335,False
2017-02,生体計測技術,7,自動車,3.8333333333333335,False
2017-03,生体計測技術,7,自動車,4.833333333333333,False
2017-04,生体計測技術,3,自動車,4.0,False
2017-12,生体計測技術,5,自動車,4.5,False
2018-01,生体計測技術,2,自動車,4.5,False
2018-03,生体計測技術,1,自動車,4.166666666666667,False
2018-04,生体計測技術,2,自動車,3.3333333333333335,False
2018-06,生体計測技術,11,自動車,4.0,False
2018-07,生体計測技術,7,自動車,4.666666666666667,False
2018-08,生体計測技術,1,自動車,4.0,False
2018-10,生体計測技術,4,自動車,4.333333333333333,False
2018-12,生体計測技術,2,自動車,4.5,False
2019-04,生体計測技術,1,自動車,4.333333333333333,False
2019-05,生体計測技術,6,自動車,3.5,False
2019-06,生体計測技術,11,自動車,4.166666666666667,True
2019-07,生体計測技術,4,自動車,4.666666666666667,True
2019-08,生体計測技術,32,自動車,9.333333333333334,True
2019-09,生体計測技術,3,自動車,9.5,False
2019-11,生体計測技術,10,自動車,11.0,False
2019-12,生体計測技術,7,自動車,11.166666666666666,False
2020-01,生体計測技術,7,自動車,10.5,False
2020-02,生体計測技術,3,自動車,10.333333333333334,False
2020-04,生体計測技術,4,自動車,5.666666666666667,False
2020-08,生体計測技術,2,自動車,5.5,False
2020-09,生体計測技術,5,自動車,4.666666666666667,False
2020-10,生体計測技術,4,自動車,4.166666666666667,False
2020-12,生体計測技術,1,自動車,3.1666666666666665,False
2021-01,生体計測技術,4,自動車,3.3333333333333335,False
2021-04,生体計測技術,27,自動車,7.166666666666667,False
2021-05,生体計測技術,2,自動車,7.166666666666667,False
2021-07,生体計測技術,7,自動車,7.5,False
2021-08,生体計測技術,3,自動車,7.333333333333333,False
2021-11,生体計測技術,4,自動車,7.833333333333333,False
2021-12,生体計測技術,22,自動車,10.833333333333334,False
2022-01,生体計測技術,5,自動車,7.166666666666667,False
2022-02,生体計測技術,43,自動車,14.0,True
2022-03,生体計測技術,353,自動車,71.66666666666667,False
2022-04,生体計測技術,12,自動車,73.16666666666667,False
2022-06,生体計測技術,2,自動車,72.83333333333333,False
2022-07,生体計測技術,49,自動車,77.33333333333333,False
2022-09,生体計測技術,24,自動車,80.5,False
2022-11,生体計測技術,36,自動車,79.33333333333333,False
2022-12,生体計測技術,43,自動車,27.666666666666668,False
2023-03,生体計測技術,598,自動車,125.33333333333333,True
2023-04,生体計測技術,5,自動車,125.83333333333333,False
2023-05,生体計測技術,122,自動車,138.0,False
2023-06,生体計測技術,6,自動車,135.0,False
2023-07,生体計測技術,25,自動車,133.16666666666666,False
2023-08,生体計測技術,12,自動車,128.0,False
2023-09,生体計測技術,8,自動車,29.666666666666668,False
2023-10,生体計測技術,217,自動車,65.0,False
2023-11,生体計測技術,2,自動車,45.0,False
2023-12,生体計測技術,5,自動車,44.833333333333336,False
2024-01,生体計測技術,4,自動車,41.333333333333336,False
2024-02,生体計測技術,124,自動車,60.0,False
2024-03,生体計測技術,42,自動車,65.66666666666667,False
2024-04,生体計測技術,14,自動車,31.833333333333332,False
2025-06,生体計測技術,1,自動車,31.666666666666668,False
